2026-04-19 00:11:34 [main] INFO  com.mnco.MncoApplication - Starting MncoApplication using Java 23.0.2 with PID 12772 (C:\Users\ELANIBRI\Documents\LabOrchestrator\LabOrchestrator\mnco-backend\target\classes started by ELANIBRI in C:\Users\ELANIBRI\Documents\LabOrchestrator\LabOrchestrator\mnco-backend)
2026-04-19 00:11:34 [main] DEBUG com.mnco.MncoApplication - Running with Spring Boot v3.2.5, Spring v6.1.6
2026-04-19 00:11:34 [main] INFO  com.mnco.MncoApplication - The following 1 profile is active: "MncoApplication"
2026-04-19 00:11:38 [main] INFO  o.s.d.r.c.RepositoryConfigurationDelegate - Bootstrapping Spring Data JPA repositories in DEFAULT mode.
2026-04-19 00:11:38 [main] INFO  o.s.d.r.c.RepositoryConfigurationDelegate - Finished Spring Data repository scanning in 536 ms. Found 6 JPA repository interfaces.
2026-04-19 00:11:47 [main] INFO  o.s.b.w.e.tomcat.TomcatWebServer - Tomcat initialized with port 8080 (http)
2026-04-19 00:11:47 [main] INFO  o.a.catalina.core.StandardService - Starting service [Tomcat]
2026-04-19 00:11:47 [main] INFO  o.a.catalina.core.StandardEngine - Starting Servlet engine: [Apache Tomcat/10.1.20]
2026-04-19 00:11:47 [main] INFO  o.a.c.c.C.[Tomcat].[localhost].[/] - Initializing Spring embedded WebApplicationContext
2026-04-19 00:11:47 [main] INFO  o.s.b.w.s.c.ServletWebServerApplicationContext - Root WebApplicationContext: initialization completed in 12745 ms
2026-04-19 00:11:49 [main] INFO  c.mnco.security.service.JwtService - JWT service initialized with expiration=86400000ms
2026-04-19 00:11:49 [main] INFO  com.zaxxer.hikari.HikariDataSource - MncoHikariPool - Starting...
2026-04-19 00:11:50 [main] INFO  com.zaxxer.hikari.pool.HikariPool - MncoHikariPool - Added connection org.postgresql.jdbc.PgConnection@4e1a3d5a
2026-04-19 00:11:50 [main] INFO  com.zaxxer.hikari.HikariDataSource - MncoHikariPool - Start completed.
2026-04-19 00:11:50 [main] INFO  org.flywaydb.core.FlywayExecutor - Database: jdbc:postgresql://localhost:5432/mnco_db (PostgreSQL 15.17)
2026-04-19 00:11:50 [main] INFO  o.f.core.internal.command.DbValidate - Successfully validated 3 migrations (execution time 00:00.144s)
2026-04-19 00:11:51 [main] INFO  o.f.core.internal.command.DbMigrate - Current version of schema "public": 3
2026-04-19 00:11:51 [main] INFO  o.f.core.internal.command.DbMigrate - Schema "public" is up to date. No migration necessary.
2026-04-19 00:11:51 [main] INFO  o.h.jpa.internal.util.LogHelper - HHH000204: Processing PersistenceUnitInfo [name: default]
2026-04-19 00:11:52 [main] INFO  org.hibernate.Version - HHH000412: Hibernate ORM core version 6.4.4.Final
2026-04-19 00:11:52 [main] INFO  o.h.c.i.RegionFactoryInitiator - HHH000026: Second-level cache disabled
2026-04-19 00:11:53 [main] INFO  o.s.o.j.p.SpringPersistenceUnitInfo - No LoadTimeWeaver setup: ignoring JPA class transformer
2026-04-19 00:11:53 [main] WARN  org.hibernate.orm.deprecation - HHH90000025: PostgreSQLDialect does not need to be specified explicitly using 'hibernate.dialect' (remove the property setting and it will be selected by default)
2026-04-19 00:12:00 [main] INFO  o.h.e.t.j.p.i.JtaPlatformInitiator - HHH000489: No JTA platform available (set 'hibernate.transaction.jta.platform' to enable JTA platform integration)
2026-04-19 00:12:01 [main] INFO  o.s.o.j.LocalContainerEntityManagerFactoryBean - Initialized JPA EntityManagerFactory for persistence unit 'default'
2026-04-19 00:12:02 [main] DEBUG c.m.s.filter.JwtAuthenticationFilter - Filter 'jwtAuthenticationFilter' configured for use
2026-04-19 00:12:02 [main] DEBUG c.mnco.config.RequestLoggingFilter - Filter 'requestLoggingFilter' configured for use
2026-04-19 00:12:02 [main] INFO  o.s.d.j.r.query.QueryEnhancerFactory - Hibernate is in classpath; If applicable, HQL parser will be used.
2026-04-19 00:12:09 [main] WARN  o.s.b.a.o.j.JpaBaseConfiguration$JpaWebConfiguration - spring.jpa.open-in-view is enabled by default. Therefore, database queries may be performed during view rendering. Explicitly configure spring.jpa.open-in-view to disable this warning
2026-04-19 00:12:11 [main] INFO  o.s.b.a.e.web.EndpointLinksResolver - Exposing 3 endpoint(s) beneath base path '/actuator'
2026-04-19 00:12:13 [main] INFO  o.s.b.w.e.tomcat.TomcatWebServer - Tomcat started on port 8080 (http) with context path ''
2026-04-19 00:12:13 [main] INFO  com.mnco.MncoApplication - Started MncoApplication in 40.912 seconds (process running for 42.539)
2026-04-19 00:12:15 [scheduling-1] DEBUG c.mnco.config.LabIdleStopScheduler - Idle lab check: no labs exceeded 120min idle threshold
2026-04-19 00:17:08 [http-nio-8080-exec-2] INFO  o.a.c.c.C.[Tomcat].[localhost].[/] - Initializing Spring DispatcherServlet 'dispatcherServlet'
2026-04-19 00:17:08 [http-nio-8080-exec-2] INFO  o.s.web.servlet.DispatcherServlet - Initializing Servlet 'dispatcherServlet'
2026-04-19 00:17:08 [http-nio-8080-exec-2] INFO  o.s.web.servlet.DispatcherServlet - Completed initialization in 20 ms
2026-04-19 00:18:43 [http-nio-8080-exec-7] ERROR c.m.e.handler.GlobalExceptionHandler - Unhandled exception at /api/v1/auth/register: Content-Type 'text/plain;charset=UTF-8' is not supported
org.springframework.web.HttpMediaTypeNotSupportedException: Content-Type 'text/plain;charset=UTF-8' is not supported
	at org.springframework.web.servlet.mvc.method.annotation.AbstractMessageConverterMethodArgumentResolver.readWithMessageConverters(AbstractMessageConverterMethodArgumentResolver.java:213)
	at org.springframework.web.servlet.mvc.method.annotation.RequestResponseBodyMethodProcessor.readWithMessageConverters(RequestResponseBodyMethodProcessor.java:161)
	at org.springframework.web.servlet.mvc.method.annotation.RequestResponseBodyMethodProcessor.resolveArgument(RequestResponseBodyMethodProcessor.java:135)
	at org.springframework.web.method.support.HandlerMethodArgumentResolverComposite.resolveArgument(HandlerMethodArgumentResolverComposite.java:122)
	at org.springframework.web.method.support.InvocableHandlerMethod.getMethodArgumentValues(InvocableHandlerMethod.java:224)
	at org.springframework.web.method.support.InvocableHandlerMethod.invokeForRequest(InvocableHandlerMethod.java:178)
	at org.springframework.web.servlet.mvc.method.annotation.ServletInvocableHandlerMethod.invokeAndHandle(ServletInvocableHandlerMethod.java:118)
	at org.springframework.web.servlet.mvc.method.annotation.RequestMappingHandlerAdapter.invokeHandlerMethod(RequestMappingHandlerAdapter.java:926)
	at org.springframework.web.servlet.mvc.method.annotation.RequestMappingHandlerAdapter.handleInternal(RequestMappingHandlerAdapter.java:831)
	at org.springframework.web.servlet.mvc.method.AbstractHandlerMethodAdapter.handle(AbstractHandlerMethodAdapter.java:87)
	at org.springframework.web.servlet.DispatcherServlet.doDispatch(DispatcherServlet.java:1089)
	at org.springframework.web.servlet.DispatcherServlet.doService(DispatcherServlet.java:979)
	at org.springframework.web.servlet.FrameworkServlet.processRequest(FrameworkServlet.java:1014)
	at org.springframework.web.servlet.FrameworkServlet.doPost(FrameworkServlet.java:914)
	at jakarta.servlet.http.HttpServlet.service(HttpServlet.java:590)
	at org.springframework.web.servlet.FrameworkServlet.service(FrameworkServlet.java:885)
	at jakarta.servlet.http.HttpServlet.service(HttpServlet.java:658)
	at org.apache.catalina.core.ApplicationFilterChain.internalDoFilter(ApplicationFilterChain.java:206)
	at org.apache.catalina.core.ApplicationFilterChain.doFilter(ApplicationFilterChain.java:150)
	at org.apache.tomcat.websocket.server.WsFilter.doFilter(WsFilter.java:51)
	at org.apache.catalina.core.ApplicationFilterChain.internalDoFilter(ApplicationFilterChain.java:175)
	at org.apache.catalina.core.ApplicationFilterChain.doFilter(ApplicationFilterChain.java:150)
	at org.springframework.web.filter.OncePerRequestFilter.doFilter(OncePerRequestFilter.java:110)
	at org.apache.catalina.core.ApplicationFilterChain.internalDoFilter(ApplicationFilterChain.java:175)
	at org.apache.catalina.core.ApplicationFilterChain.doFilter(ApplicationFilterChain.java:150)
	at org.springframework.web.filter.OncePerRequestFilter.doFilter(OncePerRequestFilter.java:110)
	at org.apache.catalina.core.ApplicationFilterChain.internalDoFilter(ApplicationFilterChain.java:175)
	at org.apache.catalina.core.ApplicationFilterChain.doFilter(ApplicationFilterChain.java:150)
	at org.springframework.web.filter.CompositeFilter$VirtualFilterChain.doFilter(CompositeFilter.java:108)
	at org.springframework.security.web.FilterChainProxy.lambda$doFilterInternal$3(FilterChainProxy.java:231)
	at org.springframework.security.web.ObservationFilterChainDecorator$FilterObservation$SimpleFilterObservation.lambda$wrap$1(ObservationFilterChainDecorator.java:479)
	at org.springframework.security.web.ObservationFilterChainDecorator$AroundFilterObservation$SimpleAroundFilterObservation.lambda$wrap$1(ObservationFilterChainDecorator.java:340)
	at org.springframework.security.web.ObservationFilterChainDecorator.lambda$wrapSecured$0(ObservationFilterChainDecorator.java:82)
	at org.springframework.security.web.ObservationFilterChainDecorator$VirtualFilterChain.doFilter(ObservationFilterChainDecorator.java:128)
	at org.springframework.security.web.access.intercept.AuthorizationFilter.doFilter(AuthorizationFilter.java:100)
	at org.springframework.security.web.ObservationFilterChainDecorator$ObservationFilter.wrapFilter(ObservationFilterChainDecorator.java:240)
	at org.springframework.security.web.ObservationFilterChainDecorator$ObservationFilter.doFilter(ObservationFilterChainDecorator.java:227)
	at org.springframework.security.web.ObservationFilterChainDecorator$VirtualFilterChain.doFilter(ObservationFilterChainDecorator.java:137)
	at org.springframework.security.web.access.ExceptionTranslationFilter.doFilter(ExceptionTranslationFilter.java:126)
	at org.springframework.security.web.access.ExceptionTranslationFilter.doFilter(ExceptionTranslationFilter.java:120)
	at org.springframework.security.web.ObservationFilterChainDecorator$ObservationFilter.wrapFilter(ObservationFilterChainDecorator.java:240)
	at org.springframework.security.web.ObservationFilterChainDecorator$ObservationFilter.doFilter(ObservationFilterChainDecorator.java:227)
	at org.springframework.security.web.ObservationFilterChainDecorator$VirtualFilterChain.doFilter(ObservationFilterChainDecorator.java:137)
	at org.springframework.security.web.session.SessionManagementFilter.doFilter(SessionManagementFilter.java:131)
	at org.springframework.security.web.session.SessionManagementFilter.doFilter(SessionManagementFilter.java:85)
	at org.springframework.security.web.ObservationFilterChainDecorator$ObservationFilter.wrapFilter(ObservationFilterChainDecorator.java:240)
	at org.springframework.security.web.ObservationFilterChainDecorator$ObservationFilter.doFilter(ObservationFilterChainDecorator.java:227)
	at org.springframework.security.web.ObservationFilterChainDecorator$VirtualFilterChain.doFilter(ObservationFilterChainDecorator.java:137)
	at org.springframework.security.web.authentication.AnonymousAuthenticationFilter.doFilter(AnonymousAuthenticationFilter.java:100)
	at org.springframework.security.web.ObservationFilterChainDecorator$ObservationFilter.wrapFilter(ObservationFilterChainDecorator.java:240)
	at org.springframework.security.web.ObservationFilterChainDecorator$ObservationFilter.doFilter(ObservationFilterChainDecorator.java:227)
	at org.springframework.security.web.ObservationFilterChainDecorator$VirtualFilterChain.doFilter(ObservationFilterChainDecorator.java:137)
	at org.springframework.security.web.servletapi.SecurityContextHolderAwareRequestFilter.doFilter(SecurityContextHolderAwareRequestFilter.java:179)
	at org.springframework.security.web.ObservationFilterChainDecorator$ObservationFilter.wrapFilter(ObservationFilterChainDecorator.java:240)
	at org.springframework.security.web.ObservationFilterChainDecorator$ObservationFilter.doFilter(ObservationFilterChainDecorator.java:227)
	at org.springframework.security.web.ObservationFilterChainDecorator$VirtualFilterChain.doFilter(ObservationFilterChainDecorator.java:137)
	at org.springframework.security.web.savedrequest.RequestCacheAwareFilter.doFilter(RequestCacheAwareFilter.java:63)
	at org.springframework.security.web.ObservationFilterChainDecorator$ObservationFilter.wrapFilter(ObservationFilterChainDecorator.java:240)
	at org.springframework.security.web.ObservationFilterChainDecorator$ObservationFilter.doFilter(ObservationFilterChainDecorator.java:227)
	at org.springframework.security.web.ObservationFilterChainDecorator$VirtualFilterChain.doFilter(ObservationFilterChainDecorator.java:137)
	at com.mnco.security.filter.JwtAuthenticationFilter.doFilterInternal(JwtAuthenticationFilter.java:49)
	at org.springframework.web.filter.OncePerRequestFilter.doFilter(OncePerRequestFilter.java:116)
	at org.springframework.security.web.ObservationFilterChainDecorator$ObservationFilter.wrapFilter(ObservationFilterChainDecorator.java:240)
	at org.springframework.security.web.ObservationFilterChainDecorator$ObservationFilter.doFilter(ObservationFilterChainDecorator.java:227)
	at org.springframework.security.web.ObservationFilterChainDecorator$VirtualFilterChain.doFilter(ObservationFilterChainDecorator.java:137)
	at com.mnco.config.RequestLoggingFilter.doFilterInternal(RequestLoggingFilter.java:51)
	at org.springframework.web.filter.OncePerRequestFilter.doFilter(OncePerRequestFilter.java:116)
	at org.springframework.security.web.ObservationFilterChainDecorator$ObservationFilter.wrapFilter(ObservationFilterChainDecorator.java:240)
	at org.springframework.security.web.ObservationFilterChainDecorator$ObservationFilter.doFilter(ObservationFilterChainDecorator.java:227)
	at org.springframework.security.web.ObservationFilterChainDecorator$VirtualFilterChain.doFilter(ObservationFilterChainDecorator.java:137)
	at org.springframework.security.web.authentication.logout.LogoutFilter.doFilter(LogoutFilter.java:107)
	at org.springframework.security.web.authentication.logout.LogoutFilter.doFilter(LogoutFilter.java:93)
	at org.springframework.security.web.ObservationFilterChainDecorator$ObservationFilter.wrapFilter(ObservationFilterChainDecorator.java:240)
	at org.springframework.security.web.ObservationFilterChainDecorator$ObservationFilter.doFilter(ObservationFilterChainDecorator.java:227)
	at org.springframework.security.web.ObservationFilterChainDecorator$VirtualFilterChain.doFilter(ObservationFilterChainDecorator.java:137)
	at org.springframework.web.filter.CorsFilter.doFilterInternal(CorsFilter.java:91)
	at org.springframework.web.filter.OncePerRequestFilter.doFilter(OncePerRequestFilter.java:116)
	at org.springframework.security.web.ObservationFilterChainDecorator$ObservationFilter.wrapFilter(ObservationFilterChainDecorator.java:240)
	at org.springframework.security.web.ObservationFilterChainDecorator$ObservationFilter.doFilter(ObservationFilterChainDecorator.java:227)
	at org.springframework.security.web.ObservationFilterChainDecorator$VirtualFilterChain.doFilter(ObservationFilterChainDecorator.java:137)
	at org.springframework.security.web.header.HeaderWriterFilter.doHeadersAfter(HeaderWriterFilter.java:90)
	at org.springframework.security.web.header.HeaderWriterFilter.doFilterInternal(HeaderWriterFilter.java:75)
	at org.springframework.web.filter.OncePerRequestFilter.doFilter(OncePerRequestFilter.java:116)
	at org.springframework.security.web.ObservationFilterChainDecorator$ObservationFilter.wrapFilter(ObservationFilterChainDecorator.java:240)
	at org.springframework.security.web.ObservationFilterChainDecorator$ObservationFilter.doFilter(ObservationFilterChainDecorator.java:227)
	at org.springframework.security.web.ObservationFilterChainDecorator$VirtualFilterChain.doFilter(ObservationFilterChainDecorator.java:137)
	at org.springframework.security.web.context.SecurityContextHolderFilter.doFilter(SecurityContextHolderFilter.java:82)
	at org.springframework.security.web.context.SecurityContextHolderFilter.doFilter(SecurityContextHolderFilter.java:69)
	at org.springframework.security.web.ObservationFilterChainDecorator$ObservationFilter.wrapFilter(ObservationFilterChainDecorator.java:240)
	at org.springframework.security.web.ObservationFilterChainDecorator$ObservationFilter.doFilter(ObservationFilterChainDecorator.java:227)
	at org.springframework.security.web.ObservationFilterChainDecorator$VirtualFilterChain.doFilter(ObservationFilterChainDecorator.java:137)
	at org.springframework.security.web.context.request.async.WebAsyncManagerIntegrationFilter.doFilterInternal(WebAsyncManagerIntegrationFilter.java:62)
	at org.springframework.web.filter.OncePerRequestFilter.doFilter(OncePerRequestFilter.java:116)
	at org.springframework.security.web.ObservationFilterChainDecorator$ObservationFilter.wrapFilter(ObservationFilterChainDecorator.java:240)
	at org.springframework.security.web.ObservationFilterChainDecorator$ObservationFilter.doFilter(ObservationFilterChainDecorator.java:227)
	at org.springframework.security.web.ObservationFilterChainDecorator$VirtualFilterChain.doFilter(ObservationFilterChainDecorator.java:137)
	at org.springframework.security.web.session.DisableEncodeUrlFilter.doFilterInternal(DisableEncodeUrlFilter.java:42)
	at org.springframework.web.filter.OncePerRequestFilter.doFilter(OncePerRequestFilter.java:116)
	at org.springframework.security.web.ObservationFilterChainDecorator$ObservationFilter.wrapFilter(ObservationFilterChainDecorator.java:240)
	at org.springframework.security.web.ObservationFilterChainDecorator$AroundFilterObservation$SimpleAroundFilterObservation.lambda$wrap$0(ObservationFilterChainDecorator.java:323)
	at org.springframework.security.web.ObservationFilterChainDecorator$ObservationFilter.doFilter(ObservationFilterChainDecorator.java:224)
	at org.springframework.security.web.ObservationFilterChainDecorator$VirtualFilterChain.doFilter(ObservationFilterChainDecorator.java:137)
	at org.springframework.security.web.FilterChainProxy.doFilterInternal(FilterChainProxy.java:233)
	at org.springframework.security.web.FilterChainProxy.doFilter(FilterChainProxy.java:191)
	at org.springframework.web.filter.CompositeFilter$VirtualFilterChain.doFilter(CompositeFilter.java:113)
	at org.springframework.web.servlet.handler.HandlerMappingIntrospector.lambda$createCacheFilter$3(HandlerMappingIntrospector.java:195)
	at org.springframework.web.filter.CompositeFilter$VirtualFilterChain.doFilter(CompositeFilter.java:113)
	at org.springframework.web.filter.CompositeFilter.doFilter(CompositeFilter.java:74)
	at org.springframework.security.config.annotation.web.configuration.WebMvcSecurityConfiguration$CompositeFilterChainProxy.doFilter(WebMvcSecurityConfiguration.java:230)
	at org.springframework.web.filter.DelegatingFilterProxy.invokeDelegate(DelegatingFilterProxy.java:352)
	at org.springframework.web.filter.DelegatingFilterProxy.doFilter(DelegatingFilterProxy.java:268)
	at org.apache.catalina.core.ApplicationFilterChain.internalDoFilter(ApplicationFilterChain.java:175)
	at org.apache.catalina.core.ApplicationFilterChain.doFilter(ApplicationFilterChain.java:150)
	at org.springframework.web.filter.RequestContextFilter.doFilterInternal(RequestContextFilter.java:100)
	at org.springframework.web.filter.OncePerRequestFilter.doFilter(OncePerRequestFilter.java:116)
	at org.apache.catalina.core.ApplicationFilterChain.internalDoFilter(ApplicationFilterChain.java:175)
	at org.apache.catalina.core.ApplicationFilterChain.doFilter(ApplicationFilterChain.java:150)
	at org.springframework.web.filter.FormContentFilter.doFilterInternal(FormContentFilter.java:93)
	at org.springframework.web.filter.OncePerRequestFilter.doFilter(OncePerRequestFilter.java:116)
	at org.apache.catalina.core.ApplicationFilterChain.internalDoFilter(ApplicationFilterChain.java:175)
	at org.apache.catalina.core.ApplicationFilterChain.doFilter(ApplicationFilterChain.java:150)
	at org.springframework.web.filter.ServerHttpObservationFilter.doFilterInternal(ServerHttpObservationFilter.java:109)
	at org.springframework.web.filter.OncePerRequestFilter.doFilter(OncePerRequestFilter.java:116)
	at org.apache.catalina.core.ApplicationFilterChain.internalDoFilter(ApplicationFilterChain.java:175)
	at org.apache.catalina.core.ApplicationFilterChain.doFilter(ApplicationFilterChain.java:150)
	at org.springframework.web.filter.CharacterEncodingFilter.doFilterInternal(CharacterEncodingFilter.java:201)
	at org.springframework.web.filter.OncePerRequestFilter.doFilter(OncePerRequestFilter.java:116)
	at org.apache.catalina.core.ApplicationFilterChain.internalDoFilter(ApplicationFilterChain.java:175)
	at org.apache.catalina.core.ApplicationFilterChain.doFilter(ApplicationFilterChain.java:150)
	at org.apache.catalina.core.StandardWrapperValve.invoke(StandardWrapperValve.java:167)
	at org.apache.catalina.core.StandardContextValve.invoke(StandardContextValve.java:90)
	at org.apache.catalina.authenticator.AuthenticatorBase.invoke(AuthenticatorBase.java:482)
	at org.apache.catalina.core.StandardHostValve.invoke(StandardHostValve.java:115)
	at org.apache.catalina.valves.ErrorReportValve.invoke(ErrorReportValve.java:93)
	at org.apache.catalina.core.StandardEngineValve.invoke(StandardEngineValve.java:74)
	at org.apache.catalina.connector.CoyoteAdapter.service(CoyoteAdapter.java:344)
	at org.apache.coyote.http11.Http11Processor.service(Http11Processor.java:391)
	at org.apache.coyote.AbstractProcessorLight.process(AbstractProcessorLight.java:63)
	at org.apache.coyote.AbstractProtocol$ConnectionHandler.process(AbstractProtocol.java:896)
	at org.apache.tomcat.util.net.NioEndpoint$SocketProcessor.doRun(NioEndpoint.java:1736)
	at org.apache.tomcat.util.net.SocketProcessorBase.run(SocketProcessorBase.java:52)
	at org.apache.tomcat.util.threads.ThreadPoolExecutor.runWorker(ThreadPoolExecutor.java:1191)
	at org.apache.tomcat.util.threads.ThreadPoolExecutor$Worker.run(ThreadPoolExecutor.java:659)
	at org.apache.tomcat.util.threads.TaskThread$WrappingRunnable.run(TaskThread.java:63)
	at java.base/java.lang.Thread.run(Thread.java:1575)
2026-04-19 00:18:43 [http-nio-8080-exec-7] INFO  c.mnco.config.RequestLoggingFilter - {"timestamp":"2026-04-18T23:18:43.447882200Z","level":"WARN","traceId":"4d68a7d46af94559","httpMethod":"POST","requestUri":"/api/v1/auth/register","userId":"anonymous","httpStatus":500,"durationMs":89,"errorMessage":"HTTP 500"}
2026-04-19 00:19:39 [http-nio-8080-exec-9] INFO  c.m.p.controller.AuthController - POST /auth/register - email=testuser@mnco.local
2026-04-19 00:19:39 [http-nio-8080-exec-9] DEBUG com.mnco.config.LoggingAspect - → USE CASE: AuthService.register(..)
2026-04-19 00:19:39 [http-nio-8080-exec-9] INFO  c.m.application.usecases.AuthService - Registration attempt: username='testuser123'
2026-04-19 00:19:40 [http-nio-8080-exec-9] INFO  c.m.application.usecases.AuthService - User registered: id=3bbb9dc4-38e8-4e0d-ba3d-80f7010e67d0, username='testuser123'
2026-04-19 00:19:40 [http-nio-8080-exec-9] DEBUG com.mnco.config.LoggingAspect - ← USE CASE: AuthService.register(..) completed in 940ms
2026-04-19 00:19:40 [http-nio-8080-exec-9] INFO  c.mnco.config.RequestLoggingFilter - {"timestamp":"2026-04-18T23:19:40.860110900Z","level":"INFO","traceId":"ee1f11ec711541a7","httpMethod":"POST","requestUri":"/api/v1/auth/register","userId":"anonymous","httpStatus":201,"durationMs":2277}
2026-04-19 00:20:26 [http-nio-8080-exec-10] DEBUG c.m.s.filter.JwtAuthenticationFilter - Authenticated user 'testuser123' for request: /api/v1/auth/me
2026-04-19 00:20:26 [http-nio-8080-exec-10] INFO  c.m.p.controller.AuthController - GET /auth/me
2026-04-19 00:20:26 [http-nio-8080-exec-10] DEBUG com.mnco.config.LoggingAspect - → USE CASE: AuthService.getCurrentUser(..)
2026-04-19 00:20:26 [http-nio-8080-exec-10] INFO  c.m.application.usecases.AuthService - Get current user attempt
2026-04-19 00:20:26 [http-nio-8080-exec-10] WARN  com.mnco.config.LoggingAspect - ✗ USE CASE: AuthService.getCurrentUser(..) failed after 5ms — MalformedJwtException: Compact JWT strings may not contain whitespace.
2026-04-19 00:20:26 [http-nio-8080-exec-10] ERROR c.m.e.handler.GlobalExceptionHandler - Unhandled exception at /api/v1/auth/me: Compact JWT strings may not contain whitespace.
io.jsonwebtoken.MalformedJwtException: Compact JWT strings may not contain whitespace.
	at io.jsonwebtoken.impl.JwtTokenizer.tokenize(JwtTokenizer.java:67)
	at io.jsonwebtoken.impl.DefaultJwtParser.parse(DefaultJwtParser.java:370)
	at io.jsonwebtoken.impl.DefaultJwtParser.parse(DefaultJwtParser.java:362)
	at io.jsonwebtoken.impl.DefaultJwtParser.parse(DefaultJwtParser.java:94)
	at io.jsonwebtoken.impl.io.AbstractParser.parse(AbstractParser.java:36)
	at io.jsonwebtoken.impl.io.AbstractParser.parse(AbstractParser.java:29)
	at io.jsonwebtoken.impl.DefaultJwtParser.parseSignedClaims(DefaultJwtParser.java:821)
	at com.mnco.security.service.JwtService.extractClaims(JwtService.java:110)
	at com.mnco.security.service.JwtService.extractUsername(JwtService.java:71)
	at com.mnco.application.usecases.AuthService.getCurrentUser(AuthService.java:139)
	at java.base/jdk.internal.reflect.DirectMethodHandleAccessor.invoke(DirectMethodHandleAccessor.java:103)
	at java.base/java.lang.reflect.Method.invoke(Method.java:580)
	at org.springframework.aop.support.AopUtils.invokeJoinpointUsingReflection(AopUtils.java:354)
	at org.springframework.aop.framework.ReflectiveMethodInvocation.invokeJoinpoint(ReflectiveMethodInvocation.java:196)
	at org.springframework.aop.framework.ReflectiveMethodInvocation.proceed(ReflectiveMethodInvocation.java:163)
	at org.springframework.aop.framework.CglibAopProxy$CglibMethodInvocation.proceed(CglibAopProxy.java:768)
	at org.springframework.aop.aspectj.MethodInvocationProceedingJoinPoint.proceed(MethodInvocationProceedingJoinPoint.java:89)
	at com.mnco.config.LoggingAspect.logUseCaseExecution(LoggingAspect.java:30)
	at java.base/jdk.internal.reflect.DirectMethodHandleAccessor.invoke(DirectMethodHandleAccessor.java:103)
	at java.base/java.lang.reflect.Method.invoke(Method.java:580)
	at org.springframework.aop.aspectj.AbstractAspectJAdvice.invokeAdviceMethodWithGivenArgs(AbstractAspectJAdvice.java:637)
	at org.springframework.aop.aspectj.AbstractAspectJAdvice.invokeAdviceMethod(AbstractAspectJAdvice.java:627)
	at org.springframework.aop.aspectj.AspectJAroundAdvice.invoke(AspectJAroundAdvice.java:71)
	at org.springframework.aop.framework.ReflectiveMethodInvocation.proceed(ReflectiveMethodInvocation.java:184)
	at org.springframework.aop.framework.CglibAopProxy$CglibMethodInvocation.proceed(CglibAopProxy.java:768)
	at org.springframework.transaction.interceptor.TransactionInterceptor$1.proceedWithInvocation(TransactionInterceptor.java:123)
	at org.springframework.transaction.interceptor.TransactionAspectSupport.invokeWithinTransaction(TransactionAspectSupport.java:392)
	at org.springframework.transaction.interceptor.TransactionInterceptor.invoke(TransactionInterceptor.java:119)
	at org.springframework.aop.framework.ReflectiveMethodInvocation.proceed(ReflectiveMethodInvocation.java:184)
	at org.springframework.aop.framework.CglibAopProxy$CglibMethodInvocation.proceed(CglibAopProxy.java:768)
	at org.springframework.aop.interceptor.ExposeInvocationInterceptor.invoke(ExposeInvocationInterceptor.java:97)
	at org.springframework.aop.framework.ReflectiveMethodInvocation.proceed(ReflectiveMethodInvocation.java:184)
	at org.springframework.aop.framework.CglibAopProxy$CglibMethodInvocation.proceed(CglibAopProxy.java:768)
	at org.springframework.aop.framework.CglibAopProxy$DynamicAdvisedInterceptor.intercept(CglibAopProxy.java:720)
	at com.mnco.application.usecases.AuthService$$SpringCGLIB$$0.getCurrentUser(<generated>)
	at com.mnco.presentation.controller.AuthController.getCurrentUser(AuthController.java:60)
	at java.base/jdk.internal.reflect.DirectMethodHandleAccessor.invoke(DirectMethodHandleAccessor.java:103)
	at java.base/java.lang.reflect.Method.invoke(Method.java:580)
	at org.springframework.web.method.support.InvocableHandlerMethod.doInvoke(InvocableHandlerMethod.java:255)
	at org.springframework.web.method.support.InvocableHandlerMethod.invokeForRequest(InvocableHandlerMethod.java:188)
	at org.springframework.web.servlet.mvc.method.annotation.ServletInvocableHandlerMethod.invokeAndHandle(ServletInvocableHandlerMethod.java:118)
	at org.springframework.web.servlet.mvc.method.annotation.RequestMappingHandlerAdapter.invokeHandlerMethod(RequestMappingHandlerAdapter.java:926)
	at org.springframework.web.servlet.mvc.method.annotation.RequestMappingHandlerAdapter.handleInternal(RequestMappingHandlerAdapter.java:831)
	at org.springframework.web.servlet.mvc.method.AbstractHandlerMethodAdapter.handle(AbstractHandlerMethodAdapter.java:87)
	at org.springframework.web.servlet.DispatcherServlet.doDispatch(DispatcherServlet.java:1089)
	at org.springframework.web.servlet.DispatcherServlet.doService(DispatcherServlet.java:979)
	at org.springframework.web.servlet.FrameworkServlet.processRequest(FrameworkServlet.java:1014)
	at org.springframework.web.servlet.FrameworkServlet.doGet(FrameworkServlet.java:903)
	at jakarta.servlet.http.HttpServlet.service(HttpServlet.java:564)
	at org.springframework.web.servlet.FrameworkServlet.service(FrameworkServlet.java:885)
	at jakarta.servlet.http.HttpServlet.service(HttpServlet.java:658)
	at org.apache.catalina.core.ApplicationFilterChain.internalDoFilter(ApplicationFilterChain.java:206)
	at org.apache.catalina.core.ApplicationFilterChain.doFilter(ApplicationFilterChain.java:150)
	at org.apache.tomcat.websocket.server.WsFilter.doFilter(WsFilter.java:51)
	at org.apache.catalina.core.ApplicationFilterChain.internalDoFilter(ApplicationFilterChain.java:175)
	at org.apache.catalina.core.ApplicationFilterChain.doFilter(ApplicationFilterChain.java:150)
	at org.springframework.web.filter.OncePerRequestFilter.doFilter(OncePerRequestFilter.java:110)
	at org.apache.catalina.core.ApplicationFilterChain.internalDoFilter(ApplicationFilterChain.java:175)
	at org.apache.catalina.core.ApplicationFilterChain.doFilter(ApplicationFilterChain.java:150)
	at org.springframework.web.filter.OncePerRequestFilter.doFilter(OncePerRequestFilter.java:110)
	at org.apache.catalina.core.ApplicationFilterChain.internalDoFilter(ApplicationFilterChain.java:175)
	at org.apache.catalina.core.ApplicationFilterChain.doFilter(ApplicationFilterChain.java:150)
	at org.springframework.web.filter.CompositeFilter$VirtualFilterChain.doFilter(CompositeFilter.java:108)
	at org.springframework.security.web.FilterChainProxy.lambda$doFilterInternal$3(FilterChainProxy.java:231)
	at org.springframework.security.web.ObservationFilterChainDecorator$FilterObservation$SimpleFilterObservation.lambda$wrap$1(ObservationFilterChainDecorator.java:479)
	at org.springframework.security.web.ObservationFilterChainDecorator$AroundFilterObservation$SimpleAroundFilterObservation.lambda$wrap$1(ObservationFilterChainDecorator.java:340)
	at org.springframework.security.web.ObservationFilterChainDecorator.lambda$wrapSecured$0(ObservationFilterChainDecorator.java:82)
	at org.springframework.security.web.ObservationFilterChainDecorator$VirtualFilterChain.doFilter(ObservationFilterChainDecorator.java:128)
	at org.springframework.security.web.access.intercept.AuthorizationFilter.doFilter(AuthorizationFilter.java:100)
	at org.springframework.security.web.ObservationFilterChainDecorator$ObservationFilter.wrapFilter(ObservationFilterChainDecorator.java:240)
	at org.springframework.security.web.ObservationFilterChainDecorator$ObservationFilter.doFilter(ObservationFilterChainDecorator.java:227)
	at org.springframework.security.web.ObservationFilterChainDecorator$VirtualFilterChain.doFilter(ObservationFilterChainDecorator.java:137)
	at org.springframework.security.web.access.ExceptionTranslationFilter.doFilter(ExceptionTranslationFilter.java:126)
	at org.springframework.security.web.access.ExceptionTranslationFilter.doFilter(ExceptionTranslationFilter.java:120)
	at org.springframework.security.web.ObservationFilterChainDecorator$ObservationFilter.wrapFilter(ObservationFilterChainDecorator.java:240)
	at org.springframework.security.web.ObservationFilterChainDecorator$ObservationFilter.doFilter(ObservationFilterChainDecorator.java:227)
	at org.springframework.security.web.ObservationFilterChainDecorator$VirtualFilterChain.doFilter(ObservationFilterChainDecorator.java:137)
	at org.springframework.security.web.session.SessionManagementFilter.doFilter(SessionManagementFilter.java:131)
	at org.springframework.security.web.session.SessionManagementFilter.doFilter(SessionManagementFilter.java:85)
	at org.springframework.security.web.ObservationFilterChainDecorator$ObservationFilter.wrapFilter(ObservationFilterChainDecorator.java:240)
	at org.springframework.security.web.ObservationFilterChainDecorator$ObservationFilter.doFilter(ObservationFilterChainDecorator.java:227)
	at org.springframework.security.web.ObservationFilterChainDecorator$VirtualFilterChain.doFilter(ObservationFilterChainDecorator.java:137)
	at org.springframework.security.web.authentication.AnonymousAuthenticationFilter.doFilter(AnonymousAuthenticationFilter.java:100)
	at org.springframework.security.web.ObservationFilterChainDecorator$ObservationFilter.wrapFilter(ObservationFilterChainDecorator.java:240)
	at org.springframework.security.web.ObservationFilterChainDecorator$ObservationFilter.doFilter(ObservationFilterChainDecorator.java:227)
	at org.springframework.security.web.ObservationFilterChainDecorator$VirtualFilterChain.doFilter(ObservationFilterChainDecorator.java:137)
	at org.springframework.security.web.servletapi.SecurityContextHolderAwareRequestFilter.doFilter(SecurityContextHolderAwareRequestFilter.java:179)
	at org.springframework.security.web.ObservationFilterChainDecorator$ObservationFilter.wrapFilter(ObservationFilterChainDecorator.java:240)
	at org.springframework.security.web.ObservationFilterChainDecorator$ObservationFilter.doFilter(ObservationFilterChainDecorator.java:227)
	at org.springframework.security.web.ObservationFilterChainDecorator$VirtualFilterChain.doFilter(ObservationFilterChainDecorator.java:137)
	at org.springframework.security.web.savedrequest.RequestCacheAwareFilter.doFilter(RequestCacheAwareFilter.java:63)
	at org.springframework.security.web.ObservationFilterChainDecorator$ObservationFilter.wrapFilter(ObservationFilterChainDecorator.java:240)
	at org.springframework.security.web.ObservationFilterChainDecorator$ObservationFilter.doFilter(ObservationFilterChainDecorator.java:227)
	at org.springframework.security.web.ObservationFilterChainDecorator$VirtualFilterChain.doFilter(ObservationFilterChainDecorator.java:137)
	at com.mnco.security.filter.JwtAuthenticationFilter.doFilterInternal(JwtAuthenticationFilter.java:82)
	at org.springframework.web.filter.OncePerRequestFilter.doFilter(OncePerRequestFilter.java:116)
	at org.springframework.security.web.ObservationFilterChainDecorator$ObservationFilter.wrapFilter(ObservationFilterChainDecorator.java:240)
	at org.springframework.security.web.ObservationFilterChainDecorator$ObservationFilter.doFilter(ObservationFilterChainDecorator.java:227)
	at org.springframework.security.web.ObservationFilterChainDecorator$VirtualFilterChain.doFilter(ObservationFilterChainDecorator.java:137)
	at com.mnco.config.RequestLoggingFilter.doFilterInternal(RequestLoggingFilter.java:51)
	at org.springframework.web.filter.OncePerRequestFilter.doFilter(OncePerRequestFilter.java:116)
	at org.springframework.security.web.ObservationFilterChainDecorator$ObservationFilter.wrapFilter(ObservationFilterChainDecorator.java:240)
	at org.springframework.security.web.ObservationFilterChainDecorator$ObservationFilter.doFilter(ObservationFilterChainDecorator.java:227)
	at org.springframework.security.web.ObservationFilterChainDecorator$VirtualFilterChain.doFilter(ObservationFilterChainDecorator.java:137)
	at org.springframework.security.web.authentication.logout.LogoutFilter.doFilter(LogoutFilter.java:107)
	at org.springframework.security.web.authentication.logout.LogoutFilter.doFilter(LogoutFilter.java:93)
	at org.springframework.security.web.ObservationFilterChainDecorator$ObservationFilter.wrapFilter(ObservationFilterChainDecorator.java:240)
	at org.springframework.security.web.ObservationFilterChainDecorator$ObservationFilter.doFilter(ObservationFilterChainDecorator.java:227)
	at org.springframework.security.web.ObservationFilterChainDecorator$VirtualFilterChain.doFilter(ObservationFilterChainDecorator.java:137)
	at org.springframework.web.filter.CorsFilter.doFilterInternal(CorsFilter.java:91)
	at org.springframework.web.filter.OncePerRequestFilter.doFilter(OncePerRequestFilter.java:116)
	at org.springframework.security.web.ObservationFilterChainDecorator$ObservationFilter.wrapFilter(ObservationFilterChainDecorator.java:240)
	at org.springframework.security.web.ObservationFilterChainDecorator$ObservationFilter.doFilter(ObservationFilterChainDecorator.java:227)
	at org.springframework.security.web.ObservationFilterChainDecorator$VirtualFilterChain.doFilter(ObservationFilterChainDecorator.java:137)
	at org.springframework.security.web.header.HeaderWriterFilter.doHeadersAfter(HeaderWriterFilter.java:90)
	at org.springframework.security.web.header.HeaderWriterFilter.doFilterInternal(HeaderWriterFilter.java:75)
	at org.springframework.web.filter.OncePerRequestFilter.doFilter(OncePerRequestFilter.java:116)
	at org.springframework.security.web.ObservationFilterChainDecorator$ObservationFilter.wrapFilter(ObservationFilterChainDecorator.java:240)
	at org.springframework.security.web.ObservationFilterChainDecorator$ObservationFilter.doFilter(ObservationFilterChainDecorator.java:227)
	at org.springframework.security.web.ObservationFilterChainDecorator$VirtualFilterChain.doFilter(ObservationFilterChainDecorator.java:137)
	at org.springframework.security.web.context.SecurityContextHolderFilter.doFilter(SecurityContextHolderFilter.java:82)
	at org.springframework.security.web.context.SecurityContextHolderFilter.doFilter(SecurityContextHolderFilter.java:69)
	at org.springframework.security.web.ObservationFilterChainDecorator$ObservationFilter.wrapFilter(ObservationFilterChainDecorator.java:240)
	at org.springframework.security.web.ObservationFilterChainDecorator$ObservationFilter.doFilter(ObservationFilterChainDecorator.java:227)
	at org.springframework.security.web.ObservationFilterChainDecorator$VirtualFilterChain.doFilter(ObservationFilterChainDecorator.java:137)
	at org.springframework.security.web.context.request.async.WebAsyncManagerIntegrationFilter.doFilterInternal(WebAsyncManagerIntegrationFilter.java:62)
	at org.springframework.web.filter.OncePerRequestFilter.doFilter(OncePerRequestFilter.java:116)
	at org.springframework.security.web.ObservationFilterChainDecorator$ObservationFilter.wrapFilter(ObservationFilterChainDecorator.java:240)
	at org.springframework.security.web.ObservationFilterChainDecorator$ObservationFilter.doFilter(ObservationFilterChainDecorator.java:227)
	at org.springframework.security.web.ObservationFilterChainDecorator$VirtualFilterChain.doFilter(ObservationFilterChainDecorator.java:137)
	at org.springframework.security.web.session.DisableEncodeUrlFilter.doFilterInternal(DisableEncodeUrlFilter.java:42)
	at org.springframework.web.filter.OncePerRequestFilter.doFilter(OncePerRequestFilter.java:116)
	at org.springframework.security.web.ObservationFilterChainDecorator$ObservationFilter.wrapFilter(ObservationFilterChainDecorator.java:240)
	at org.springframework.security.web.ObservationFilterChainDecorator$AroundFilterObservation$SimpleAroundFilterObservation.lambda$wrap$0(ObservationFilterChainDecorator.java:323)
	at org.springframework.security.web.ObservationFilterChainDecorator$ObservationFilter.doFilter(ObservationFilterChainDecorator.java:224)
	at org.springframework.security.web.ObservationFilterChainDecorator$VirtualFilterChain.doFilter(ObservationFilterChainDecorator.java:137)
	at org.springframework.security.web.FilterChainProxy.doFilterInternal(FilterChainProxy.java:233)
	at org.springframework.security.web.FilterChainProxy.doFilter(FilterChainProxy.java:191)
	at org.springframework.web.filter.CompositeFilter$VirtualFilterChain.doFilter(CompositeFilter.java:113)
	at org.springframework.web.servlet.handler.HandlerMappingIntrospector.lambda$createCacheFilter$3(HandlerMappingIntrospector.java:195)
	at org.springframework.web.filter.CompositeFilter$VirtualFilterChain.doFilter(CompositeFilter.java:113)
	at org.springframework.web.filter.CompositeFilter.doFilter(CompositeFilter.java:74)
	at org.springframework.security.config.annotation.web.configuration.WebMvcSecurityConfiguration$CompositeFilterChainProxy.doFilter(WebMvcSecurityConfiguration.java:230)
	at org.springframework.web.filter.DelegatingFilterProxy.invokeDelegate(DelegatingFilterProxy.java:352)
	at org.springframework.web.filter.DelegatingFilterProxy.doFilter(DelegatingFilterProxy.java:268)
	at org.apache.catalina.core.ApplicationFilterChain.internalDoFilter(ApplicationFilterChain.java:175)
	at org.apache.catalina.core.ApplicationFilterChain.doFilter(ApplicationFilterChain.java:150)
	at org.springframework.web.filter.RequestContextFilter.doFilterInternal(RequestContextFilter.java:100)
	at org.springframework.web.filter.OncePerRequestFilter.doFilter(OncePerRequestFilter.java:116)
	at org.apache.catalina.core.ApplicationFilterChain.internalDoFilter(ApplicationFilterChain.java:175)
	at org.apache.catalina.core.ApplicationFilterChain.doFilter(ApplicationFilterChain.java:150)
	at org.springframework.web.filter.FormContentFilter.doFilterInternal(FormContentFilter.java:93)
	at org.springframework.web.filter.OncePerRequestFilter.doFilter(OncePerRequestFilter.java:116)
	at org.apache.catalina.core.ApplicationFilterChain.internalDoFilter(ApplicationFilterChain.java:175)
	at org.apache.catalina.core.ApplicationFilterChain.doFilter(ApplicationFilterChain.java:150)
	at org.springframework.web.filter.ServerHttpObservationFilter.doFilterInternal(ServerHttpObservationFilter.java:109)
	at org.springframework.web.filter.OncePerRequestFilter.doFilter(OncePerRequestFilter.java:116)
	at org.apache.catalina.core.ApplicationFilterChain.internalDoFilter(ApplicationFilterChain.java:175)
	at org.apache.catalina.core.ApplicationFilterChain.doFilter(ApplicationFilterChain.java:150)
	at org.springframework.web.filter.CharacterEncodingFilter.doFilterInternal(CharacterEncodingFilter.java:201)
	at org.springframework.web.filter.OncePerRequestFilter.doFilter(OncePerRequestFilter.java:116)
	at org.apache.catalina.core.ApplicationFilterChain.internalDoFilter(ApplicationFilterChain.java:175)
	at org.apache.catalina.core.ApplicationFilterChain.doFilter(ApplicationFilterChain.java:150)
	at org.apache.catalina.core.StandardWrapperValve.invoke(StandardWrapperValve.java:167)
	at org.apache.catalina.core.StandardContextValve.invoke(StandardContextValve.java:90)
	at org.apache.catalina.authenticator.AuthenticatorBase.invoke(AuthenticatorBase.java:482)
	at org.apache.catalina.core.StandardHostValve.invoke(StandardHostValve.java:115)
	at org.apache.catalina.valves.ErrorReportValve.invoke(ErrorReportValve.java:93)
	at org.apache.catalina.core.StandardEngineValve.invoke(StandardEngineValve.java:74)
	at org.apache.catalina.connector.CoyoteAdapter.service(CoyoteAdapter.java:344)
	at org.apache.coyote.http11.Http11Processor.service(Http11Processor.java:391)
	at org.apache.coyote.AbstractProcessorLight.process(AbstractProcessorLight.java:63)
	at org.apache.coyote.AbstractProtocol$ConnectionHandler.process(AbstractProtocol.java:896)
	at org.apache.tomcat.util.net.NioEndpoint$SocketProcessor.doRun(NioEndpoint.java:1736)
	at org.apache.tomcat.util.net.SocketProcessorBase.run(SocketProcessorBase.java:52)
	at org.apache.tomcat.util.threads.ThreadPoolExecutor.runWorker(ThreadPoolExecutor.java:1191)
	at org.apache.tomcat.util.threads.ThreadPoolExecutor$Worker.run(ThreadPoolExecutor.java:659)
	at org.apache.tomcat.util.threads.TaskThread$WrappingRunnable.run(TaskThread.java:63)
	at java.base/java.lang.Thread.run(Thread.java:1575)
2026-04-19 00:20:26 [http-nio-8080-exec-10] INFO  c.mnco.config.RequestLoggingFilter - {"timestamp":"2026-04-18T23:20:26.736609300Z","level":"WARN","traceId":"73991768a5864754","httpMethod":"GET","requestUri":"/api/v1/auth/me","userId":"testuser123","httpStatus":500,"durationMs":625,"errorMessage":"HTTP 500"}
2026-04-19 00:21:11 [http-nio-8080-exec-2] DEBUG c.m.s.filter.JwtAuthenticationFilter - Authenticated user 'testuser123' for request: /api/v1/labs
2026-04-19 00:21:11 [http-nio-8080-exec-2] DEBUG com.mnco.config.LoggingAspect - → USE CASE: LabService.getLabsByOwner(..)
2026-04-19 00:21:11 [http-nio-8080-exec-2] DEBUG com.mnco.config.LoggingAspect - ← USE CASE: LabService.getLabsByOwner(..) completed in 11ms
2026-04-19 00:21:11 [http-nio-8080-exec-2] INFO  c.mnco.config.RequestLoggingFilter - {"timestamp":"2026-04-18T23:21:11.658092600Z","level":"INFO","traceId":"5c9f576e30b64a6e","httpMethod":"GET","requestUri":"/api/v1/labs","userId":"testuser123","httpStatus":200,"durationMs":52}
2026-04-19 00:21:23 [http-nio-8080-exec-4] DEBUG c.m.s.filter.JwtAuthenticationFilter - Authenticated user 'testuser123' for request: /api/v1/templates
2026-04-19 00:21:23 [http-nio-8080-exec-4] DEBUG com.mnco.config.LoggingAspect - → USE CASE: LabTemplateService.getPublicTemplates()
2026-04-19 00:21:23 [http-nio-8080-exec-4] DEBUG com.mnco.config.LoggingAspect - ← USE CASE: LabTemplateService.getPublicTemplates() completed in 41ms
2026-04-19 00:21:23 [http-nio-8080-exec-4] INFO  c.mnco.config.RequestLoggingFilter - {"timestamp":"2026-04-18T23:21:23.487971600Z","level":"INFO","traceId":"e36655821eae4475","httpMethod":"GET","requestUri":"/api/v1/templates","userId":"testuser123","httpStatus":200,"durationMs":202}
2026-04-19 00:22:22 [http-nio-8080-exec-3] DEBUG c.m.s.filter.JwtAuthenticationFilter - Authenticated user 'testuser123' for request: /api/v1/labs
2026-04-19 00:22:22 [http-nio-8080-exec-3] DEBUG com.mnco.config.LoggingAspect - → USE CASE: LabService.getLabsByOwner(..)
2026-04-19 00:22:22 [http-nio-8080-exec-3] DEBUG com.mnco.config.LoggingAspect - ← USE CASE: LabService.getLabsByOwner(..) completed in 66ms
2026-04-19 00:22:22 [http-nio-8080-exec-3] INFO  c.mnco.config.RequestLoggingFilter - {"timestamp":"2026-04-18T23:22:22.867618500Z","level":"INFO","traceId":"a10894600c3240b6","httpMethod":"GET","requestUri":"/api/v1/labs","userId":"testuser123","httpStatus":200,"durationMs":248}
2026-04-19 00:23:52 [http-nio-8080-exec-7] DEBUG c.m.s.filter.JwtAuthenticationFilter - Authenticated user 'testuser123' for request: /api/v1/labs
2026-04-19 00:23:52 [http-nio-8080-exec-7] DEBUG com.mnco.config.LoggingAspect - → USE CASE: LabService.getLabsByOwner(..)
2026-04-19 00:23:52 [http-nio-8080-exec-7] DEBUG com.mnco.config.LoggingAspect - ← USE CASE: LabService.getLabsByOwner(..) completed in 6ms
2026-04-19 00:23:52 [http-nio-8080-exec-7] INFO  c.mnco.config.RequestLoggingFilter - {"timestamp":"2026-04-18T23:23:52.284654300Z","level":"INFO","traceId":"bc563e1bc2624d63","httpMethod":"GET","requestUri":"/api/v1/labs","userId":"testuser123","httpStatus":200,"durationMs":65}
2026-04-19 00:23:59 [http-nio-8080-exec-8] DEBUG c.m.s.filter.JwtAuthenticationFilter - Authenticated user 'testuser123' for request: /api/v1/templates
2026-04-19 00:23:59 [http-nio-8080-exec-8] DEBUG com.mnco.config.LoggingAspect - → USE CASE: LabTemplateService.getPublicTemplates()
2026-04-19 00:23:59 [http-nio-8080-exec-8] DEBUG com.mnco.config.LoggingAspect - ← USE CASE: LabTemplateService.getPublicTemplates() completed in 8ms
2026-04-19 00:23:59 [http-nio-8080-exec-8] INFO  c.mnco.config.RequestLoggingFilter - {"timestamp":"2026-04-18T23:23:59.692090400Z","level":"INFO","traceId":"09a59b3e52b6412b","httpMethod":"GET","requestUri":"/api/v1/templates","userId":"testuser123","httpStatus":200,"durationMs":44}
2026-04-19 00:25:32 [http-nio-8080-exec-1] DEBUG c.m.s.filter.JwtAuthenticationFilter - Authenticated user 'testuser123' for request: /api/v1/labs
2026-04-19 00:25:32 [http-nio-8080-exec-1] INFO  c.m.p.controller.LabController - POST /api/v1/labs — user=3bbb9dc4-38e8-4e0d-ba3d-80f7010e67d0
2026-04-19 00:25:32 [http-nio-8080-exec-1] DEBUG com.mnco.config.LoggingAspect - → USE CASE: LabService.createLab(..)
2026-04-19 00:25:32 [http-nio-8080-exec-1] INFO  c.m.application.usecases.LabService - Creating lab 'Basic Router-Switch Lab' for owner=3bbb9dc4-38e8-4e0d-ba3d-80f7010e67d0
2026-04-19 00:25:32 [http-nio-8080-exec-1] INFO  c.m.i.e.eveng.EveNgRestService - Creating EVE-NG topology for lab 'Basic Router-Switch Lab'
2026-04-19 00:25:33 [http-nio-8080-exec-1] WARN  i.n.r.d.DefaultDnsServerAddressStreamProvider - Default DNS servers: [/[2001:4860:4860:0:0:0:0:8888]:53, /[2001:4860:4860:0:0:0:0:8844]:53] (Google Public DNS as a fallback)
2026-04-19 00:25:42 [http-nio-8080-exec-1] ERROR c.m.application.usecases.LabService - EVE-NG creation failed for lab id=4b15c63d-56e1-4add-8b71-90dae3cec893: java.util.concurrent.TimeoutException: Did not observe any item or terminal signal within 10000ms in 'flatMap' (and no fallback has been configured)
2026-04-19 00:25:42 [http-nio-8080-exec-1] WARN  com.mnco.config.LoggingAspect - ✗ USE CASE: LabService.createLab(..) failed after 10346ms — EveNgIntegrationException: Failed to create lab: java.util.concurrent.TimeoutException: Did not observe any item or terminal signal within 10000ms in 'flatMap' (and no fallback has been configured)
2026-04-19 00:25:42 [task-1] DEBUG com.mnco.config.LoggingAspect - → USE CASE: AuditLogService.logLabEventFailure(..)
2026-04-19 00:25:42 [http-nio-8080-exec-1] ERROR c.m.e.handler.GlobalExceptionHandler - EVE-NG integration error: Failed to create lab: java.util.concurrent.TimeoutException: Did not observe any item or terminal signal within 10000ms in 'flatMap' (and no fallback has been configured)
com.mnco.exception.custom.EveNgIntegrationException: Failed to create lab: java.util.concurrent.TimeoutException: Did not observe any item or terminal signal within 10000ms in 'flatMap' (and no fallback has been configured)
	at com.mnco.application.usecases.LabService.createLab(LabService.java:94)
	at java.base/jdk.internal.reflect.DirectMethodHandleAccessor.invoke(DirectMethodHandleAccessor.java:103)
	at java.base/java.lang.reflect.Method.invoke(Method.java:580)
	at org.springframework.aop.support.AopUtils.invokeJoinpointUsingReflection(AopUtils.java:354)
	at org.springframework.aop.framework.ReflectiveMethodInvocation.invokeJoinpoint(ReflectiveMethodInvocation.java:196)
	at org.springframework.aop.framework.ReflectiveMethodInvocation.proceed(ReflectiveMethodInvocation.java:163)
	at org.springframework.aop.framework.CglibAopProxy$CglibMethodInvocation.proceed(CglibAopProxy.java:768)
	at org.springframework.aop.aspectj.MethodInvocationProceedingJoinPoint.proceed(MethodInvocationProceedingJoinPoint.java:89)
	at com.mnco.config.LoggingAspect.logUseCaseExecution(LoggingAspect.java:30)
	at java.base/jdk.internal.reflect.DirectMethodHandleAccessor.invoke(DirectMethodHandleAccessor.java:103)
	at java.base/java.lang.reflect.Method.invoke(Method.java:580)
	at org.springframework.aop.aspectj.AbstractAspectJAdvice.invokeAdviceMethodWithGivenArgs(AbstractAspectJAdvice.java:637)
	at org.springframework.aop.aspectj.AbstractAspectJAdvice.invokeAdviceMethod(AbstractAspectJAdvice.java:627)
	at org.springframework.aop.aspectj.AspectJAroundAdvice.invoke(AspectJAroundAdvice.java:71)
	at org.springframework.aop.framework.ReflectiveMethodInvocation.proceed(ReflectiveMethodInvocation.java:184)
	at org.springframework.aop.framework.CglibAopProxy$CglibMethodInvocation.proceed(CglibAopProxy.java:768)
	at org.springframework.transaction.interceptor.TransactionInterceptor$1.proceedWithInvocation(TransactionInterceptor.java:123)
	at org.springframework.transaction.interceptor.TransactionAspectSupport.invokeWithinTransaction(TransactionAspectSupport.java:392)
	at org.springframework.transaction.interceptor.TransactionInterceptor.invoke(TransactionInterceptor.java:119)
	at org.springframework.aop.framework.ReflectiveMethodInvocation.proceed(ReflectiveMethodInvocation.java:184)
	at org.springframework.aop.framework.CglibAopProxy$CglibMethodInvocation.proceed(CglibAopProxy.java:768)
	at org.springframework.aop.interceptor.ExposeInvocationInterceptor.invoke(ExposeInvocationInterceptor.java:97)
	at org.springframework.aop.framework.ReflectiveMethodInvocation.proceed(ReflectiveMethodInvocation.java:184)
	at org.springframework.aop.framework.CglibAopProxy$CglibMethodInvocation.proceed(CglibAopProxy.java:768)
	at org.springframework.aop.framework.CglibAopProxy$DynamicAdvisedInterceptor.intercept(CglibAopProxy.java:720)
	at com.mnco.application.usecases.LabService$$SpringCGLIB$$0.createLab(<generated>)
	at com.mnco.presentation.controller.LabController.createLab(LabController.java:47)
	at java.base/jdk.internal.reflect.DirectMethodHandleAccessor.invoke(DirectMethodHandleAccessor.java:103)
	at java.base/java.lang.reflect.Method.invoke(Method.java:580)
	at org.springframework.aop.support.AopUtils.invokeJoinpointUsingReflection(AopUtils.java:354)
	at org.springframework.aop.framework.CglibAopProxy$DynamicAdvisedInterceptor.intercept(CglibAopProxy.java:716)
	at com.mnco.presentation.controller.LabController$$SpringCGLIB$$0.createLab(<generated>)
	at java.base/jdk.internal.reflect.DirectMethodHandleAccessor.invoke(DirectMethodHandleAccessor.java:103)
	at java.base/java.lang.reflect.Method.invoke(Method.java:580)
	at org.springframework.web.method.support.InvocableHandlerMethod.doInvoke(InvocableHandlerMethod.java:255)
	at org.springframework.web.method.support.InvocableHandlerMethod.invokeForRequest(InvocableHandlerMethod.java:188)
	at org.springframework.web.servlet.mvc.method.annotation.ServletInvocableHandlerMethod.invokeAndHandle(ServletInvocableHandlerMethod.java:118)
	at org.springframework.web.servlet.mvc.method.annotation.RequestMappingHandlerAdapter.invokeHandlerMethod(RequestMappingHandlerAdapter.java:926)
	at org.springframework.web.servlet.mvc.method.annotation.RequestMappingHandlerAdapter.handleInternal(RequestMappingHandlerAdapter.java:831)
	at org.springframework.web.servlet.mvc.method.AbstractHandlerMethodAdapter.handle(AbstractHandlerMethodAdapter.java:87)
	at org.springframework.web.servlet.DispatcherServlet.doDispatch(DispatcherServlet.java:1089)
	at org.springframework.web.servlet.DispatcherServlet.doService(DispatcherServlet.java:979)
	at org.springframework.web.servlet.FrameworkServlet.processRequest(FrameworkServlet.java:1014)
	at org.springframework.web.servlet.FrameworkServlet.doPost(FrameworkServlet.java:914)
	at jakarta.servlet.http.HttpServlet.service(HttpServlet.java:590)
	at org.springframework.web.servlet.FrameworkServlet.service(FrameworkServlet.java:885)
	at jakarta.servlet.http.HttpServlet.service(HttpServlet.java:658)
	at org.apache.catalina.core.ApplicationFilterChain.internalDoFilter(ApplicationFilterChain.java:206)
	at org.apache.catalina.core.ApplicationFilterChain.doFilter(ApplicationFilterChain.java:150)
	at org.apache.tomcat.websocket.server.WsFilter.doFilter(WsFilter.java:51)
	at org.apache.catalina.core.ApplicationFilterChain.internalDoFilter(ApplicationFilterChain.java:175)
	at org.apache.catalina.core.ApplicationFilterChain.doFilter(ApplicationFilterChain.java:150)
	at org.springframework.web.filter.OncePerRequestFilter.doFilter(OncePerRequestFilter.java:110)
	at org.apache.catalina.core.ApplicationFilterChain.internalDoFilter(ApplicationFilterChain.java:175)
	at org.apache.catalina.core.ApplicationFilterChain.doFilter(ApplicationFilterChain.java:150)
	at org.springframework.web.filter.OncePerRequestFilter.doFilter(OncePerRequestFilter.java:110)
	at org.apache.catalina.core.ApplicationFilterChain.internalDoFilter(ApplicationFilterChain.java:175)
	at org.apache.catalina.core.ApplicationFilterChain.doFilter(ApplicationFilterChain.java:150)
	at org.springframework.web.filter.CompositeFilter$VirtualFilterChain.doFilter(CompositeFilter.java:108)
	at org.springframework.security.web.FilterChainProxy.lambda$doFilterInternal$3(FilterChainProxy.java:231)
	at org.springframework.security.web.ObservationFilterChainDecorator$FilterObservation$SimpleFilterObservation.lambda$wrap$1(ObservationFilterChainDecorator.java:479)
	at org.springframework.security.web.ObservationFilterChainDecorator$AroundFilterObservation$SimpleAroundFilterObservation.lambda$wrap$1(ObservationFilterChainDecorator.java:340)
	at org.springframework.security.web.ObservationFilterChainDecorator.lambda$wrapSecured$0(ObservationFilterChainDecorator.java:82)
	at org.springframework.security.web.ObservationFilterChainDecorator$VirtualFilterChain.doFilter(ObservationFilterChainDecorator.java:128)
	at org.springframework.security.web.access.intercept.AuthorizationFilter.doFilter(AuthorizationFilter.java:100)
	at org.springframework.security.web.ObservationFilterChainDecorator$ObservationFilter.wrapFilter(ObservationFilterChainDecorator.java:240)
	at org.springframework.security.web.ObservationFilterChainDecorator$ObservationFilter.doFilter(ObservationFilterChainDecorator.java:227)
	at org.springframework.security.web.ObservationFilterChainDecorator$VirtualFilterChain.doFilter(ObservationFilterChainDecorator.java:137)
	at org.springframework.security.web.access.ExceptionTranslationFilter.doFilter(ExceptionTranslationFilter.java:126)
	at org.springframework.security.web.access.ExceptionTranslationFilter.doFilter(ExceptionTranslationFilter.java:120)
	at org.springframework.security.web.ObservationFilterChainDecorator$ObservationFilter.wrapFilter(ObservationFilterChainDecorator.java:240)
	at org.springframework.security.web.ObservationFilterChainDecorator$ObservationFilter.doFilter(ObservationFilterChainDecorator.java:227)
	at org.springframework.security.web.ObservationFilterChainDecorator$VirtualFilterChain.doFilter(ObservationFilterChainDecorator.java:137)
	at org.springframework.security.web.session.SessionManagementFilter.doFilter(SessionManagementFilter.java:131)
	at org.springframework.security.web.session.SessionManagementFilter.doFilter(SessionManagementFilter.java:85)
	at org.springframework.security.web.ObservationFilterChainDecorator$ObservationFilter.wrapFilter(ObservationFilterChainDecorator.java:240)
	at org.springframework.security.web.ObservationFilterChainDecorator$ObservationFilter.doFilter(ObservationFilterChainDecorator.java:227)
	at org.springframework.security.web.ObservationFilterChainDecorator$VirtualFilterChain.doFilter(ObservationFilterChainDecorator.java:137)
	at org.springframework.security.web.authentication.AnonymousAuthenticationFilter.doFilter(AnonymousAuthenticationFilter.java:100)
	at org.springframework.security.web.ObservationFilterChainDecorator$ObservationFilter.wrapFilter(ObservationFilterChainDecorator.java:240)
	at org.springframework.security.web.ObservationFilterChainDecorator$ObservationFilter.doFilter(ObservationFilterChainDecorator.java:227)
	at org.springframework.security.web.ObservationFilterChainDecorator$VirtualFilterChain.doFilter(ObservationFilterChainDecorator.java:137)
	at org.springframework.security.web.servletapi.SecurityContextHolderAwareRequestFilter.doFilter(SecurityContextHolderAwareRequestFilter.java:179)
	at org.springframework.security.web.ObservationFilterChainDecorator$ObservationFilter.wrapFilter(ObservationFilterChainDecorator.java:240)
	at org.springframework.security.web.ObservationFilterChainDecorator$ObservationFilter.doFilter(ObservationFilterChainDecorator.java:227)
	at org.springframework.security.web.ObservationFilterChainDecorator$VirtualFilterChain.doFilter(ObservationFilterChainDecorator.java:137)
	at org.springframework.security.web.savedrequest.RequestCacheAwareFilter.doFilter(RequestCacheAwareFilter.java:63)
	at org.springframework.security.web.ObservationFilterChainDecorator$ObservationFilter.wrapFilter(ObservationFilterChainDecorator.java:240)
	at org.springframework.security.web.ObservationFilterChainDecorator$ObservationFilter.doFilter(ObservationFilterChainDecorator.java:227)
	at org.springframework.security.web.ObservationFilterChainDecorator$VirtualFilterChain.doFilter(ObservationFilterChainDecorator.java:137)
	at com.mnco.security.filter.JwtAuthenticationFilter.doFilterInternal(JwtAuthenticationFilter.java:82)
	at org.springframework.web.filter.OncePerRequestFilter.doFilter(OncePerRequestFilter.java:116)
	at org.springframework.security.web.ObservationFilterChainDecorator$ObservationFilter.wrapFilter(ObservationFilterChainDecorator.java:240)
	at org.springframework.security.web.ObservationFilterChainDecorator$ObservationFilter.doFilter(ObservationFilterChainDecorator.java:227)
	at org.springframework.security.web.ObservationFilterChainDecorator$VirtualFilterChain.doFilter(ObservationFilterChainDecorator.java:137)
	at com.mnco.config.RequestLoggingFilter.doFilterInternal(RequestLoggingFilter.java:51)
	at org.springframework.web.filter.OncePerRequestFilter.doFilter(OncePerRequestFilter.java:116)
	at org.springframework.security.web.ObservationFilterChainDecorator$ObservationFilter.wrapFilter(ObservationFilterChainDecorator.java:240)
	at org.springframework.security.web.ObservationFilterChainDecorator$ObservationFilter.doFilter(ObservationFilterChainDecorator.java:227)
	at org.springframework.security.web.ObservationFilterChainDecorator$VirtualFilterChain.doFilter(ObservationFilterChainDecorator.java:137)
	at org.springframework.security.web.authentication.logout.LogoutFilter.doFilter(LogoutFilter.java:107)
	at org.springframework.security.web.authentication.logout.LogoutFilter.doFilter(LogoutFilter.java:93)
	at org.springframework.security.web.ObservationFilterChainDecorator$ObservationFilter.wrapFilter(ObservationFilterChainDecorator.java:240)
	at org.springframework.security.web.ObservationFilterChainDecorator$ObservationFilter.doFilter(ObservationFilterChainDecorator.java:227)
	at org.springframework.security.web.ObservationFilterChainDecorator$VirtualFilterChain.doFilter(ObservationFilterChainDecorator.java:137)
	at org.springframework.web.filter.CorsFilter.doFilterInternal(CorsFilter.java:91)
	at org.springframework.web.filter.OncePerRequestFilter.doFilter(OncePerRequestFilter.java:116)
	at org.springframework.security.web.ObservationFilterChainDecorator$ObservationFilter.wrapFilter(ObservationFilterChainDecorator.java:240)
	at org.springframework.security.web.ObservationFilterChainDecorator$ObservationFilter.doFilter(ObservationFilterChainDecorator.java:227)
	at org.springframework.security.web.ObservationFilterChainDecorator$VirtualFilterChain.doFilter(ObservationFilterChainDecorator.java:137)
	at org.springframework.security.web.header.HeaderWriterFilter.doHeadersAfter(HeaderWriterFilter.java:90)
	at org.springframework.security.web.header.HeaderWriterFilter.doFilterInternal(HeaderWriterFilter.java:75)
	at org.springframework.web.filter.OncePerRequestFilter.doFilter(OncePerRequestFilter.java:116)
	at org.springframework.security.web.ObservationFilterChainDecorator$ObservationFilter.wrapFilter(ObservationFilterChainDecorator.java:240)
	at org.springframework.security.web.ObservationFilterChainDecorator$ObservationFilter.doFilter(ObservationFilterChainDecorator.java:227)
	at org.springframework.security.web.ObservationFilterChainDecorator$VirtualFilterChain.doFilter(ObservationFilterChainDecorator.java:137)
	at org.springframework.security.web.context.SecurityContextHolderFilter.doFilter(SecurityContextHolderFilter.java:82)
	at org.springframework.security.web.context.SecurityContextHolderFilter.doFilter(SecurityContextHolderFilter.java:69)
	at org.springframework.security.web.ObservationFilterChainDecorator$ObservationFilter.wrapFilter(ObservationFilterChainDecorator.java:240)
	at org.springframework.security.web.ObservationFilterChainDecorator$ObservationFilter.doFilter(ObservationFilterChainDecorator.java:227)
	at org.springframework.security.web.ObservationFilterChainDecorator$VirtualFilterChain.doFilter(ObservationFilterChainDecorator.java:137)
	at org.springframework.security.web.context.request.async.WebAsyncManagerIntegrationFilter.doFilterInternal(WebAsyncManagerIntegrationFilter.java:62)
	at org.springframework.web.filter.OncePerRequestFilter.doFilter(OncePerRequestFilter.java:116)
	at org.springframework.security.web.ObservationFilterChainDecorator$ObservationFilter.wrapFilter(ObservationFilterChainDecorator.java:240)
	at org.springframework.security.web.ObservationFilterChainDecorator$ObservationFilter.doFilter(ObservationFilterChainDecorator.java:227)
	at org.springframework.security.web.ObservationFilterChainDecorator$VirtualFilterChain.doFilter(ObservationFilterChainDecorator.java:137)
	at org.springframework.security.web.session.DisableEncodeUrlFilter.doFilterInternal(DisableEncodeUrlFilter.java:42)
	at org.springframework.web.filter.OncePerRequestFilter.doFilter(OncePerRequestFilter.java:116)
	at org.springframework.security.web.ObservationFilterChainDecorator$ObservationFilter.wrapFilter(ObservationFilterChainDecorator.java:240)
	at org.springframework.security.web.ObservationFilterChainDecorator$AroundFilterObservation$SimpleAroundFilterObservation.lambda$wrap$0(ObservationFilterChainDecorator.java:323)
	at org.springframework.security.web.ObservationFilterChainDecorator$ObservationFilter.doFilter(ObservationFilterChainDecorator.java:224)
	at org.springframework.security.web.ObservationFilterChainDecorator$VirtualFilterChain.doFilter(ObservationFilterChainDecorator.java:137)
	at org.springframework.security.web.FilterChainProxy.doFilterInternal(FilterChainProxy.java:233)
	at org.springframework.security.web.FilterChainProxy.doFilter(FilterChainProxy.java:191)
	at org.springframework.web.filter.CompositeFilter$VirtualFilterChain.doFilter(CompositeFilter.java:113)
	at org.springframework.web.servlet.handler.HandlerMappingIntrospector.lambda$createCacheFilter$3(HandlerMappingIntrospector.java:195)
	at org.springframework.web.filter.CompositeFilter$VirtualFilterChain.doFilter(CompositeFilter.java:113)
	at org.springframework.web.filter.CompositeFilter.doFilter(CompositeFilter.java:74)
	at org.springframework.security.config.annotation.web.configuration.WebMvcSecurityConfiguration$CompositeFilterChainProxy.doFilter(WebMvcSecurityConfiguration.java:230)
	at org.springframework.web.filter.DelegatingFilterProxy.invokeDelegate(DelegatingFilterProxy.java:352)
	at org.springframework.web.filter.DelegatingFilterProxy.doFilter(DelegatingFilterProxy.java:268)
	at org.apache.catalina.core.ApplicationFilterChain.internalDoFilter(ApplicationFilterChain.java:175)
	at org.apache.catalina.core.ApplicationFilterChain.doFilter(ApplicationFilterChain.java:150)
	at org.springframework.web.filter.RequestContextFilter.doFilterInternal(RequestContextFilter.java:100)
	at org.springframework.web.filter.OncePerRequestFilter.doFilter(OncePerRequestFilter.java:116)
	at org.apache.catalina.core.ApplicationFilterChain.internalDoFilter(ApplicationFilterChain.java:175)
	at org.apache.catalina.core.ApplicationFilterChain.doFilter(ApplicationFilterChain.java:150)
	at org.springframework.web.filter.FormContentFilter.doFilterInternal(FormContentFilter.java:93)
	at org.springframework.web.filter.OncePerRequestFilter.doFilter(OncePerRequestFilter.java:116)
	at org.apache.catalina.core.ApplicationFilterChain.internalDoFilter(ApplicationFilterChain.java:175)
	at org.apache.catalina.core.ApplicationFilterChain.doFilter(ApplicationFilterChain.java:150)
	at org.springframework.web.filter.ServerHttpObservationFilter.doFilterInternal(ServerHttpObservationFilter.java:109)
	at org.springframework.web.filter.OncePerRequestFilter.doFilter(OncePerRequestFilter.java:116)
	at org.apache.catalina.core.ApplicationFilterChain.internalDoFilter(ApplicationFilterChain.java:175)
	at org.apache.catalina.core.ApplicationFilterChain.doFilter(ApplicationFilterChain.java:150)
	at org.springframework.web.filter.CharacterEncodingFilter.doFilterInternal(CharacterEncodingFilter.java:201)
	at org.springframework.web.filter.OncePerRequestFilter.doFilter(OncePerRequestFilter.java:116)
	at org.apache.catalina.core.ApplicationFilterChain.internalDoFilter(ApplicationFilterChain.java:175)
	at org.apache.catalina.core.ApplicationFilterChain.doFilter(ApplicationFilterChain.java:150)
	at org.apache.catalina.core.StandardWrapperValve.invoke(StandardWrapperValve.java:167)
	at org.apache.catalina.core.StandardContextValve.invoke(StandardContextValve.java:90)
	at org.apache.catalina.authenticator.AuthenticatorBase.invoke(AuthenticatorBase.java:482)
	at org.apache.catalina.core.StandardHostValve.invoke(StandardHostValve.java:115)
	at org.apache.catalina.valves.ErrorReportValve.invoke(ErrorReportValve.java:93)
	at org.apache.catalina.core.StandardEngineValve.invoke(StandardEngineValve.java:74)
	at org.apache.catalina.connector.CoyoteAdapter.service(CoyoteAdapter.java:344)
	at org.apache.coyote.http11.Http11Processor.service(Http11Processor.java:391)
	at org.apache.coyote.AbstractProcessorLight.process(AbstractProcessorLight.java:63)
	at org.apache.coyote.AbstractProtocol$ConnectionHandler.process(AbstractProtocol.java:896)
	at org.apache.tomcat.util.net.NioEndpoint$SocketProcessor.doRun(NioEndpoint.java:1736)
	at org.apache.tomcat.util.net.SocketProcessorBase.run(SocketProcessorBase.java:52)
	at org.apache.tomcat.util.threads.ThreadPoolExecutor.runWorker(ThreadPoolExecutor.java:1191)
	at org.apache.tomcat.util.threads.ThreadPoolExecutor$Worker.run(ThreadPoolExecutor.java:659)
	at org.apache.tomcat.util.threads.TaskThread$WrappingRunnable.run(TaskThread.java:63)
	at java.base/java.lang.Thread.run(Thread.java:1575)
Caused by: reactor.core.Exceptions$ReactiveException: java.util.concurrent.TimeoutException: Did not observe any item or terminal signal within 10000ms in 'flatMap' (and no fallback has been configured)
	at reactor.core.Exceptions.propagate(Exceptions.java:410)
	at reactor.core.publisher.BlockingSingleSubscriber.blockingGet(BlockingSingleSubscriber.java:102)
	at reactor.core.publisher.Mono.block(Mono.java:1779)
	at com.mnco.infrastructure.external.eveng.EveNgRestService.authenticate(EveNgRestService.java:70)
	at com.mnco.infrastructure.external.eveng.EveNgRestService.createTopology(EveNgRestService.java:90)
	at com.mnco.application.usecases.LabService.createLab(LabService.java:77)
	... 174 common frames omitted
	Suppressed: java.lang.Exception: #block terminated with an error
		at reactor.core.publisher.BlockingSingleSubscriber.blockingGet(BlockingSingleSubscriber.java:104)
		... 178 common frames omitted
Caused by: java.util.concurrent.TimeoutException: Did not observe any item or terminal signal within 10000ms in 'flatMap' (and no fallback has been configured)
	at reactor.core.publisher.FluxTimeout$TimeoutMainSubscriber.handleTimeout(FluxTimeout.java:296)
	at reactor.core.publisher.FluxTimeout$TimeoutMainSubscriber.doTimeout(FluxTimeout.java:281)
	at reactor.core.publisher.FluxTimeout$TimeoutTimeoutSubscriber.onNext(FluxTimeout.java:420)
	at reactor.core.publisher.FluxOnErrorReturn$ReturnSubscriber.onNext(FluxOnErrorReturn.java:162)
	at reactor.core.publisher.MonoDelay$MonoDelayRunnable.propagateDelay(MonoDelay.java:270)
	at reactor.core.publisher.MonoDelay$MonoDelayRunnable.run(MonoDelay.java:285)
	at reactor.core.scheduler.SchedulerTask.call(SchedulerTask.java:68)
	at reactor.core.scheduler.SchedulerTask.call(SchedulerTask.java:28)
	at java.base/java.util.concurrent.FutureTask.run(FutureTask.java:317)
	at java.base/java.util.concurrent.ScheduledThreadPoolExecutor$ScheduledFutureTask.run(ScheduledThreadPoolExecutor.java:304)
	at java.base/java.util.concurrent.ThreadPoolExecutor.runWorker(ThreadPoolExecutor.java:1144)
	at java.base/java.util.concurrent.ThreadPoolExecutor$Worker.run(ThreadPoolExecutor.java:642)
	... 1 common frames omitted
2026-04-19 00:25:43 [http-nio-8080-exec-1] INFO  c.mnco.config.RequestLoggingFilter - {"timestamp":"2026-04-18T23:25:43.045484800Z","level":"WARN","traceId":"9b0099d36f9a4fb4","httpMethod":"POST","requestUri":"/api/v1/labs","userId":"testuser123","httpStatus":502,"durationMs":10555,"errorMessage":"HTTP 502"}
2026-04-19 00:25:43 [task-1] INFO  org.hibernate.orm.jdbc.batch - HHH100503: On release of batch it still contained JDBC statements
2026-04-19 00:25:43 [task-1] ERROR org.hibernate.orm.jdbc.batch - HHH100501: Exception executing batch [java.sql.BatchUpdateException: Batch entry 0 insert into public.audit_logs (actor_id,actor_username,created_at,error_code,event_type,ip_address,lab_id,lab_name,result,user_agent,id) values (('3bbb9dc4-38e8-4e0d-ba3d-80f7010e67d0'::uuid),('testuser123'),('2026-04-18 23:25:43.170041+00'),('EVENG_ERROR'),('LAB_CREATED'),(NULL),('4b15c63d-56e1-4add-8b71-90dae3cec893'::uuid),('Basic Router-Switch Lab'),('FAILURE'),(NULL),('188730fe-52c1-4e65-ac9a-060d78817037'::uuid)) was aborted: ERROR: null value in column "action" of relation "audit_logs" violates not-null constraint
  Detail: Failing row contains (188730fe-52c1-4e65-ac9a-060d78817037, 3bbb9dc4-38e8-4e0d-ba3d-80f7010e67d0, null, null, null, null, null, 2026-04-19 00:25:43.170041+01, LAB_CREATED, testuser123, 4b15c63d-56e1-4add-8b71-90dae3cec893, Basic Router-Switch Lab, FAILURE, EVENG_ERROR, null).  Call getNextException to see other errors in the batch.], SQL: insert into public.audit_logs (actor_id,actor_username,created_at,error_code,event_type,ip_address,lab_id,lab_name,result,user_agent,id) values (?,?,?,?,?,?,?,?,?,?,?)
2026-04-19 00:25:43 [task-1] WARN  o.h.e.jdbc.spi.SqlExceptionHelper - SQL Error: 0, SQLState: 23502
2026-04-19 00:25:43 [task-1] ERROR o.h.e.jdbc.spi.SqlExceptionHelper - Batch entry 0 insert into public.audit_logs (actor_id,actor_username,created_at,error_code,event_type,ip_address,lab_id,lab_name,result,user_agent,id) values (('3bbb9dc4-38e8-4e0d-ba3d-80f7010e67d0'::uuid),('testuser123'),('2026-04-18 23:25:43.170041+00'),('EVENG_ERROR'),('LAB_CREATED'),(NULL),('4b15c63d-56e1-4add-8b71-90dae3cec893'::uuid),('Basic Router-Switch Lab'),('FAILURE'),(NULL),('188730fe-52c1-4e65-ac9a-060d78817037'::uuid)) was aborted: ERROR: null value in column "action" of relation "audit_logs" violates not-null constraint
  Detail: Failing row contains (188730fe-52c1-4e65-ac9a-060d78817037, 3bbb9dc4-38e8-4e0d-ba3d-80f7010e67d0, null, null, null, null, null, 2026-04-19 00:25:43.170041+01, LAB_CREATED, testuser123, 4b15c63d-56e1-4add-8b71-90dae3cec893, Basic Router-Switch Lab, FAILURE, EVENG_ERROR, null).  Call getNextException to see other errors in the batch.
2026-04-19 00:25:43 [task-1] ERROR o.h.e.jdbc.spi.SqlExceptionHelper - ERROR: null value in column "action" of relation "audit_logs" violates not-null constraint
  Detail: Failing row contains (188730fe-52c1-4e65-ac9a-060d78817037, 3bbb9dc4-38e8-4e0d-ba3d-80f7010e67d0, null, null, null, null, null, 2026-04-19 00:25:43.170041+01, LAB_CREATED, testuser123, 4b15c63d-56e1-4add-8b71-90dae3cec893, Basic Router-Switch Lab, FAILURE, EVENG_ERROR, null).
2026-04-19 00:25:43 [task-1] WARN  c.m.a.usecases.AuditLogService - Audit log persistence failed [LAB_CREATED]: could not execute batch [Batch entry 0 insert into public.audit_logs (actor_id,actor_username,created_at,error_code,event_type,ip_address,lab_id,lab_name,result,user_agent,id) values (('3bbb9dc4-38e8-4e0d-ba3d-80f7010e67d0'::uuid),('testuser123'),('2026-04-18 23:25:43.170041+00'),('EVENG_ERROR'),('LAB_CREATED'),(NULL),('4b15c63d-56e1-4add-8b71-90dae3cec893'::uuid),('Basic Router-Switch Lab'),('FAILURE'),(NULL),('188730fe-52c1-4e65-ac9a-060d78817037'::uuid)) was aborted: ERROR: null value in column "action" of relation "audit_logs" violates not-null constraint
  Detail: Failing row contains (188730fe-52c1-4e65-ac9a-060d78817037, 3bbb9dc4-38e8-4e0d-ba3d-80f7010e67d0, null, null, null, null, null, 2026-04-19 00:25:43.170041+01, LAB_CREATED, testuser123, 4b15c63d-56e1-4add-8b71-90dae3cec893, Basic Router-Switch Lab, FAILURE, EVENG_ERROR, null).  Call getNextException to see other errors in the batch.] [insert into public.audit_logs (actor_id,actor_username,created_at,error_code,event_type,ip_address,lab_id,lab_name,result,user_agent,id) values (?,?,?,?,?,?,?,?,?,?,?)]; SQL [insert into public.audit_logs (actor_id,actor_username,created_at,error_code,event_type,ip_address,lab_id,lab_name,result,user_agent,id) values (?,?,?,?,?,?,?,?,?,?,?)]; constraint [action" of relation "audit_logs]
2026-04-19 00:25:43 [task-1] DEBUG com.mnco.config.LoggingAspect - ← USE CASE: AuditLogService.logLabEventFailure(..) completed in 611ms
2026-04-19 00:27:15 [scheduling-1] DEBUG c.mnco.config.LabIdleStopScheduler - Idle lab check: no labs exceeded 120min idle threshold
2026-04-19 00:31:38 [http-nio-8080-exec-3] DEBUG c.m.s.filter.JwtAuthenticationFilter - Authenticated user 'testuser123' for request: /api/v1/labs
2026-04-19 00:31:38 [http-nio-8080-exec-3] DEBUG com.mnco.config.LoggingAspect - → USE CASE: LabService.getLabsByOwner(..)
2026-04-19 00:31:38 [http-nio-8080-exec-3] DEBUG com.mnco.config.LoggingAspect - ← USE CASE: LabService.getLabsByOwner(..) completed in 79ms
2026-04-19 00:31:38 [http-nio-8080-exec-3] INFO  c.mnco.config.RequestLoggingFilter - {"timestamp":"2026-04-18T23:31:38.550734200Z","level":"INFO","traceId":"23cb1bfdd3094bc0","httpMethod":"GET","requestUri":"/api/v1/labs","userId":"testuser123","httpStatus":200,"durationMs":393}
2026-04-19 00:31:42 [http-nio-8080-exec-5] DEBUG c.m.s.filter.JwtAuthenticationFilter - Authenticated user 'testuser123' for request: /api/v1/labs
2026-04-19 00:31:42 [http-nio-8080-exec-5] DEBUG com.mnco.config.LoggingAspect - → USE CASE: LabService.getLabsByOwner(..)
2026-04-19 00:31:42 [http-nio-8080-exec-5] DEBUG com.mnco.config.LoggingAspect - ← USE CASE: LabService.getLabsByOwner(..) completed in 175ms
2026-04-19 00:31:42 [http-nio-8080-exec-5] INFO  c.mnco.config.RequestLoggingFilter - {"timestamp":"2026-04-18T23:31:42.690724600Z","level":"INFO","traceId":"cda9ecc8340c4520","httpMethod":"GET","requestUri":"/api/v1/labs","userId":"testuser123","httpStatus":200,"durationMs":379}
2026-04-19 00:31:53 [http-nio-8080-exec-6] DEBUG c.m.s.filter.JwtAuthenticationFilter - Authenticated user 'testuser123' for request: /api/v1/labs
2026-04-19 00:31:53 [http-nio-8080-exec-6] INFO  c.m.p.controller.LabController - POST /api/v1/labs — user=3bbb9dc4-38e8-4e0d-ba3d-80f7010e67d0
2026-04-19 00:31:53 [http-nio-8080-exec-6] DEBUG com.mnco.config.LoggingAspect - → USE CASE: LabService.createLab(..)
2026-04-19 00:31:53 [http-nio-8080-exec-6] INFO  c.m.application.usecases.LabService - Creating lab 'Basic Router-Switch Lab' for owner=3bbb9dc4-38e8-4e0d-ba3d-80f7010e67d0
2026-04-19 00:31:53 [http-nio-8080-exec-6] INFO  c.m.i.e.eveng.EveNgRestService - Creating EVE-NG topology for lab 'Basic Router-Switch Lab'
2026-04-19 00:31:54 [http-nio-8080-exec-6] INFO  c.m.i.e.eveng.EveNgRestService - EVE-NG topology created: '/basic-router-switch-lab-39c997d5-7ea6-4da6-90a6-d87a9fb445b5.unl'
2026-04-19 00:31:54 [http-nio-8080-exec-6] INFO  c.m.application.usecases.LabService - Lab created: id=39c997d5-7ea6-4da6-90a6-d87a9fb445b5
2026-04-19 00:31:54 [http-nio-8080-exec-6] DEBUG com.mnco.config.LoggingAspect - ← USE CASE: LabService.createLab(..) completed in 899ms
2026-04-19 00:31:54 [task-2] DEBUG com.mnco.config.LoggingAspect - → USE CASE: AuditLogService.logLabEvent(..)
2026-04-19 00:31:54 [task-2] INFO  org.hibernate.orm.jdbc.batch - HHH100503: On release of batch it still contained JDBC statements
2026-04-19 00:31:54 [task-2] ERROR org.hibernate.orm.jdbc.batch - HHH100501: Exception executing batch [java.sql.BatchUpdateException: Batch entry 0 insert into public.audit_logs (actor_id,actor_username,created_at,error_code,event_type,ip_address,lab_id,lab_name,result,user_agent,id) values (('3bbb9dc4-38e8-4e0d-ba3d-80f7010e67d0'::uuid),('testuser123'),('2026-04-18 23:31:54.80274+00'),(NULL),('LAB_CREATED'),(NULL),('39c997d5-7ea6-4da6-90a6-d87a9fb445b5'::uuid),('Basic Router-Switch Lab'),('SUCCESS'),(NULL),('8a334d4a-050c-42ad-8ff5-35563ea5a414'::uuid)) was aborted: ERROR: null value in column "action" of relation "audit_logs" violates not-null constraint
  Detail: Failing row contains (8a334d4a-050c-42ad-8ff5-35563ea5a414, 3bbb9dc4-38e8-4e0d-ba3d-80f7010e67d0, null, null, null, null, null, 2026-04-19 00:31:54.80274+01, LAB_CREATED, testuser123, 39c997d5-7ea6-4da6-90a6-d87a9fb445b5, Basic Router-Switch Lab, SUCCESS, null, null).  Call getNextException to see other errors in the batch.], SQL: insert into public.audit_logs (actor_id,actor_username,created_at,error_code,event_type,ip_address,lab_id,lab_name,result,user_agent,id) values (?,?,?,?,?,?,?,?,?,?,?)
2026-04-19 00:31:54 [task-2] WARN  o.h.e.jdbc.spi.SqlExceptionHelper - SQL Error: 0, SQLState: 23502
2026-04-19 00:31:54 [task-2] ERROR o.h.e.jdbc.spi.SqlExceptionHelper - Batch entry 0 insert into public.audit_logs (actor_id,actor_username,created_at,error_code,event_type,ip_address,lab_id,lab_name,result,user_agent,id) values (('3bbb9dc4-38e8-4e0d-ba3d-80f7010e67d0'::uuid),('testuser123'),('2026-04-18 23:31:54.80274+00'),(NULL),('LAB_CREATED'),(NULL),('39c997d5-7ea6-4da6-90a6-d87a9fb445b5'::uuid),('Basic Router-Switch Lab'),('SUCCESS'),(NULL),('8a334d4a-050c-42ad-8ff5-35563ea5a414'::uuid)) was aborted: ERROR: null value in column "action" of relation "audit_logs" violates not-null constraint
  Detail: Failing row contains (8a334d4a-050c-42ad-8ff5-35563ea5a414, 3bbb9dc4-38e8-4e0d-ba3d-80f7010e67d0, null, null, null, null, null, 2026-04-19 00:31:54.80274+01, LAB_CREATED, testuser123, 39c997d5-7ea6-4da6-90a6-d87a9fb445b5, Basic Router-Switch Lab, SUCCESS, null, null).  Call getNextException to see other errors in the batch.
2026-04-19 00:31:54 [task-2] ERROR o.h.e.jdbc.spi.SqlExceptionHelper - ERROR: null value in column "action" of relation "audit_logs" violates not-null constraint
  Detail: Failing row contains (8a334d4a-050c-42ad-8ff5-35563ea5a414, 3bbb9dc4-38e8-4e0d-ba3d-80f7010e67d0, null, null, null, null, null, 2026-04-19 00:31:54.80274+01, LAB_CREATED, testuser123, 39c997d5-7ea6-4da6-90a6-d87a9fb445b5, Basic Router-Switch Lab, SUCCESS, null, null).
2026-04-19 00:31:54 [task-2] WARN  c.m.a.usecases.AuditLogService - Audit log persistence failed [LAB_CREATED]: could not execute batch [Batch entry 0 insert into public.audit_logs (actor_id,actor_username,created_at,error_code,event_type,ip_address,lab_id,lab_name,result,user_agent,id) values (('3bbb9dc4-38e8-4e0d-ba3d-80f7010e67d0'::uuid),('testuser123'),('2026-04-18 23:31:54.80274+00'),(NULL),('LAB_CREATED'),(NULL),('39c997d5-7ea6-4da6-90a6-d87a9fb445b5'::uuid),('Basic Router-Switch Lab'),('SUCCESS'),(NULL),('8a334d4a-050c-42ad-8ff5-35563ea5a414'::uuid)) was aborted: ERROR: null value in column "action" of relation "audit_logs" violates not-null constraint
  Detail: Failing row contains (8a334d4a-050c-42ad-8ff5-35563ea5a414, 3bbb9dc4-38e8-4e0d-ba3d-80f7010e67d0, null, null, null, null, null, 2026-04-19 00:31:54.80274+01, LAB_CREATED, testuser123, 39c997d5-7ea6-4da6-90a6-d87a9fb445b5, Basic Router-Switch Lab, SUCCESS, null, null).  Call getNextException to see other errors in the batch.] [insert into public.audit_logs (actor_id,actor_username,created_at,error_code,event_type,ip_address,lab_id,lab_name,result,user_agent,id) values (?,?,?,?,?,?,?,?,?,?,?)]; SQL [insert into public.audit_logs (actor_id,actor_username,created_at,error_code,event_type,ip_address,lab_id,lab_name,result,user_agent,id) values (?,?,?,?,?,?,?,?,?,?,?)]; constraint [action" of relation "audit_logs]
2026-04-19 00:31:54 [task-2] DEBUG com.mnco.config.LoggingAspect - ← USE CASE: AuditLogService.logLabEvent(..) completed in 153ms
2026-04-19 00:31:55 [http-nio-8080-exec-6] INFO  c.mnco.config.RequestLoggingFilter - {"timestamp":"2026-04-18T23:31:55.208618900Z","level":"INFO","traceId":"7cfb7dba28374960","httpMethod":"POST","requestUri":"/api/v1/labs","userId":"testuser123","httpStatus":201,"durationMs":1413}
2026-04-19 00:32:56 [http-nio-8080-exec-9] DEBUG c.m.s.filter.JwtAuthenticationFilter - Authenticated user 'testuser123' for request: /api/v1/labs
2026-04-19 00:32:56 [http-nio-8080-exec-9] DEBUG com.mnco.config.LoggingAspect - → USE CASE: LabService.getLabsByOwner(..)
2026-04-19 00:32:56 [http-nio-8080-exec-9] DEBUG com.mnco.config.LoggingAspect - ← USE CASE: LabService.getLabsByOwner(..) completed in 131ms
2026-04-19 00:32:57 [http-nio-8080-exec-9] INFO  c.mnco.config.RequestLoggingFilter - {"timestamp":"2026-04-18T23:32:57.050237600Z","level":"INFO","traceId":"18a22bae4f6a4707","httpMethod":"GET","requestUri":"/api/v1/labs","userId":"testuser123","httpStatus":200,"durationMs":467}
2026-04-19 00:33:41 [http-nio-8080-exec-10] DEBUG c.m.s.filter.JwtAuthenticationFilter - Authenticated user 'testuser123' for request: /api/v1/labs/39c997d5-7ea6-4da6-90a6-d87a9fb445b5
2026-04-19 00:33:41 [http-nio-8080-exec-10] DEBUG com.mnco.config.LoggingAspect - → USE CASE: LabService.getLabById(..)
2026-04-19 00:33:41 [http-nio-8080-exec-10] DEBUG com.mnco.config.LoggingAspect - ← USE CASE: LabService.getLabById(..) completed in 85ms
2026-04-19 00:33:41 [http-nio-8080-exec-10] INFO  c.mnco.config.RequestLoggingFilter - {"timestamp":"2026-04-18T23:33:41.351543100Z","level":"INFO","traceId":"96130e10298640e2","httpMethod":"GET","requestUri":"/api/v1/labs/39c997d5-7ea6-4da6-90a6-d87a9fb445b5","userId":"testuser123","httpStatus":200,"durationMs":283}
2026-04-19 00:39:43 [http-nio-8080-exec-4] DEBUG c.m.s.filter.JwtAuthenticationFilter - Authenticated user 'testuser123' for request: /api/v1/templates
2026-04-19 00:39:43 [http-nio-8080-exec-4] DEBUG com.mnco.config.LoggingAspect - → USE CASE: LabTemplateService.getPublicTemplates()
2026-04-19 00:39:43 [http-nio-8080-exec-4] DEBUG com.mnco.config.LoggingAspect - ← USE CASE: LabTemplateService.getPublicTemplates() completed in 9ms
2026-04-19 00:39:43 [http-nio-8080-exec-4] INFO  c.mnco.config.RequestLoggingFilter - {"timestamp":"2026-04-18T23:39:43.440464Z","level":"INFO","traceId":"0b2ecd7d712346e9","httpMethod":"GET","requestUri":"/api/v1/templates","userId":"testuser123","httpStatus":200,"durationMs":35}
2026-04-19 00:42:09 [http-nio-8080-exec-6] DEBUG c.m.s.filter.JwtAuthenticationFilter - Authenticated user 'testuser123' for request: /api/v1/labs/39c997d5-7ea6-4da6-90a6-d87a9fb445b5
2026-04-19 00:42:09 [http-nio-8080-exec-6] DEBUG com.mnco.config.LoggingAspect - → USE CASE: LabService.getLabById(..)
2026-04-19 00:42:09 [http-nio-8080-exec-6] DEBUG com.mnco.config.LoggingAspect - ← USE CASE: LabService.getLabById(..) completed in 59ms
2026-04-19 00:42:09 [http-nio-8080-exec-6] INFO  c.mnco.config.RequestLoggingFilter - {"timestamp":"2026-04-18T23:42:09.693421600Z","level":"INFO","traceId":"9399ca041aa44b96","httpMethod":"GET","requestUri":"/api/v1/labs/39c997d5-7ea6-4da6-90a6-d87a9fb445b5","userId":"testuser123","httpStatus":200,"durationMs":240}
2026-04-19 00:42:15 [scheduling-1] DEBUG c.mnco.config.LabIdleStopScheduler - Idle lab check: no labs exceeded 120min idle threshold
2026-04-19 00:43:05 [http-nio-8080-exec-7] DEBUG c.m.s.filter.JwtAuthenticationFilter - Authenticated user 'testuser123' for request: /api/v1/labs/39c997d5-7ea6-4da6-90a6-d87a9fb445b5/start
2026-04-19 00:43:05 [http-nio-8080-exec-7] INFO  c.m.p.controller.LabController - POST /api/v1/labs/39c997d5-7ea6-4da6-90a6-d87a9fb445b5/start — user=3bbb9dc4-38e8-4e0d-ba3d-80f7010e67d0
2026-04-19 00:43:05 [http-nio-8080-exec-7] DEBUG com.mnco.config.LoggingAspect - → USE CASE: LabService.startLab(..)
2026-04-19 00:43:05 [http-nio-8080-exec-7] INFO  c.m.i.e.eveng.EveNgRestService - Starting all nodes in EVE-NG lab '/basic-router-switch-lab-39c997d5-7ea6-4da6-90a6-d87a9fb445b5.unl'
2026-04-19 00:43:05 [http-nio-8080-exec-7] WARN  com.mnco.config.LoggingAspect - ✗ USE CASE: LabService.startLab(..) failed after 172ms — EveNgIntegrationException: Failed to start lab: Start lab failed: HTTP 404 NOT_FOUND
2026-04-19 00:43:05 [task-3] DEBUG com.mnco.config.LoggingAspect - → USE CASE: AuditLogService.logLabEventFailure(..)
2026-04-19 00:43:05 [task-3] INFO  org.hibernate.orm.jdbc.batch - HHH100503: On release of batch it still contained JDBC statements
2026-04-19 00:43:05 [task-3] ERROR org.hibernate.orm.jdbc.batch - HHH100501: Exception executing batch [java.sql.BatchUpdateException: Batch entry 0 insert into public.audit_logs (actor_id,actor_username,created_at,error_code,event_type,ip_address,lab_id,lab_name,result,user_agent,id) values (('3bbb9dc4-38e8-4e0d-ba3d-80f7010e67d0'::uuid),('testuser123'),('2026-04-18 23:43:05.936318+00'),('EVENG_ERROR'),('LAB_STARTED'),(NULL),('39c997d5-7ea6-4da6-90a6-d87a9fb445b5'::uuid),('Basic Router-Switch Lab'),('FAILURE'),(NULL),('d9522772-4de1-45bf-ae9a-cffde141382a'::uuid)) was aborted: ERROR: null value in column "action" of relation "audit_logs" violates not-null constraint
  Detail: Failing row contains (d9522772-4de1-45bf-ae9a-cffde141382a, 3bbb9dc4-38e8-4e0d-ba3d-80f7010e67d0, null, null, null, null, null, 2026-04-19 00:43:05.936318+01, LAB_STARTED, testuser123, 39c997d5-7ea6-4da6-90a6-d87a9fb445b5, Basic Router-Switch Lab, FAILURE, EVENG_ERROR, null).  Call getNextException to see other errors in the batch.], SQL: insert into public.audit_logs (actor_id,actor_username,created_at,error_code,event_type,ip_address,lab_id,lab_name,result,user_agent,id) values (?,?,?,?,?,?,?,?,?,?,?)
2026-04-19 00:43:05 [task-3] WARN  o.h.e.jdbc.spi.SqlExceptionHelper - SQL Error: 0, SQLState: 23502
2026-04-19 00:43:05 [task-3] ERROR o.h.e.jdbc.spi.SqlExceptionHelper - Batch entry 0 insert into public.audit_logs (actor_id,actor_username,created_at,error_code,event_type,ip_address,lab_id,lab_name,result,user_agent,id) values (('3bbb9dc4-38e8-4e0d-ba3d-80f7010e67d0'::uuid),('testuser123'),('2026-04-18 23:43:05.936318+00'),('EVENG_ERROR'),('LAB_STARTED'),(NULL),('39c997d5-7ea6-4da6-90a6-d87a9fb445b5'::uuid),('Basic Router-Switch Lab'),('FAILURE'),(NULL),('d9522772-4de1-45bf-ae9a-cffde141382a'::uuid)) was aborted: ERROR: null value in column "action" of relation "audit_logs" violates not-null constraint
  Detail: Failing row contains (d9522772-4de1-45bf-ae9a-cffde141382a, 3bbb9dc4-38e8-4e0d-ba3d-80f7010e67d0, null, null, null, null, null, 2026-04-19 00:43:05.936318+01, LAB_STARTED, testuser123, 39c997d5-7ea6-4da6-90a6-d87a9fb445b5, Basic Router-Switch Lab, FAILURE, EVENG_ERROR, null).  Call getNextException to see other errors in the batch.
2026-04-19 00:43:05 [task-3] ERROR o.h.e.jdbc.spi.SqlExceptionHelper - ERROR: null value in column "action" of relation "audit_logs" violates not-null constraint
  Detail: Failing row contains (d9522772-4de1-45bf-ae9a-cffde141382a, 3bbb9dc4-38e8-4e0d-ba3d-80f7010e67d0, null, null, null, null, null, 2026-04-19 00:43:05.936318+01, LAB_STARTED, testuser123, 39c997d5-7ea6-4da6-90a6-d87a9fb445b5, Basic Router-Switch Lab, FAILURE, EVENG_ERROR, null).
2026-04-19 00:43:05 [task-3] WARN  c.m.a.usecases.AuditLogService - Audit log persistence failed [LAB_STARTED]: could not execute batch [Batch entry 0 insert into public.audit_logs (actor_id,actor_username,created_at,error_code,event_type,ip_address,lab_id,lab_name,result,user_agent,id) values (('3bbb9dc4-38e8-4e0d-ba3d-80f7010e67d0'::uuid),('testuser123'),('2026-04-18 23:43:05.936318+00'),('EVENG_ERROR'),('LAB_STARTED'),(NULL),('39c997d5-7ea6-4da6-90a6-d87a9fb445b5'::uuid),('Basic Router-Switch Lab'),('FAILURE'),(NULL),('d9522772-4de1-45bf-ae9a-cffde141382a'::uuid)) was aborted: ERROR: null value in column "action" of relation "audit_logs" violates not-null constraint
  Detail: Failing row contains (d9522772-4de1-45bf-ae9a-cffde141382a, 3bbb9dc4-38e8-4e0d-ba3d-80f7010e67d0, null, null, null, null, null, 2026-04-19 00:43:05.936318+01, LAB_STARTED, testuser123, 39c997d5-7ea6-4da6-90a6-d87a9fb445b5, Basic Router-Switch Lab, FAILURE, EVENG_ERROR, null).  Call getNextException to see other errors in the batch.] [insert into public.audit_logs (actor_id,actor_username,created_at,error_code,event_type,ip_address,lab_id,lab_name,result,user_agent,id) values (?,?,?,?,?,?,?,?,?,?,?)]; SQL [insert into public.audit_logs (actor_id,actor_username,created_at,error_code,event_type,ip_address,lab_id,lab_name,result,user_agent,id) values (?,?,?,?,?,?,?,?,?,?,?)]; constraint [action" of relation "audit_logs]
2026-04-19 00:43:05 [task-3] DEBUG com.mnco.config.LoggingAspect - ← USE CASE: AuditLogService.logLabEventFailure(..) completed in 52ms
2026-04-19 00:43:05 [http-nio-8080-exec-7] ERROR c.m.e.handler.GlobalExceptionHandler - EVE-NG integration error: Failed to start lab: Start lab failed: HTTP 404 NOT_FOUND
com.mnco.exception.custom.EveNgIntegrationException: Failed to start lab: Start lab failed: HTTP 404 NOT_FOUND
	at com.mnco.application.usecases.LabService.startLab(LabService.java:190)
	at java.base/jdk.internal.reflect.DirectMethodHandleAccessor.invoke(DirectMethodHandleAccessor.java:103)
	at java.base/java.lang.reflect.Method.invoke(Method.java:580)
	at org.springframework.aop.support.AopUtils.invokeJoinpointUsingReflection(AopUtils.java:354)
	at org.springframework.aop.framework.ReflectiveMethodInvocation.invokeJoinpoint(ReflectiveMethodInvocation.java:196)
	at org.springframework.aop.framework.ReflectiveMethodInvocation.proceed(ReflectiveMethodInvocation.java:163)
	at org.springframework.aop.framework.CglibAopProxy$CglibMethodInvocation.proceed(CglibAopProxy.java:768)
	at org.springframework.aop.aspectj.MethodInvocationProceedingJoinPoint.proceed(MethodInvocationProceedingJoinPoint.java:89)
	at com.mnco.config.LoggingAspect.logUseCaseExecution(LoggingAspect.java:30)
	at java.base/jdk.internal.reflect.DirectMethodHandleAccessor.invoke(DirectMethodHandleAccessor.java:103)
	at java.base/java.lang.reflect.Method.invoke(Method.java:580)
	at org.springframework.aop.aspectj.AbstractAspectJAdvice.invokeAdviceMethodWithGivenArgs(AbstractAspectJAdvice.java:637)
	at org.springframework.aop.aspectj.AbstractAspectJAdvice.invokeAdviceMethod(AbstractAspectJAdvice.java:627)
	at org.springframework.aop.aspectj.AspectJAroundAdvice.invoke(AspectJAroundAdvice.java:71)
	at org.springframework.aop.framework.ReflectiveMethodInvocation.proceed(ReflectiveMethodInvocation.java:184)
	at org.springframework.aop.framework.CglibAopProxy$CglibMethodInvocation.proceed(CglibAopProxy.java:768)
	at org.springframework.transaction.interceptor.TransactionInterceptor$1.proceedWithInvocation(TransactionInterceptor.java:123)
	at org.springframework.transaction.interceptor.TransactionAspectSupport.invokeWithinTransaction(TransactionAspectSupport.java:392)
	at org.springframework.transaction.interceptor.TransactionInterceptor.invoke(TransactionInterceptor.java:119)
	at org.springframework.aop.framework.ReflectiveMethodInvocation.proceed(ReflectiveMethodInvocation.java:184)
	at org.springframework.aop.framework.CglibAopProxy$CglibMethodInvocation.proceed(CglibAopProxy.java:768)
	at org.springframework.aop.interceptor.ExposeInvocationInterceptor.invoke(ExposeInvocationInterceptor.java:97)
	at org.springframework.aop.framework.ReflectiveMethodInvocation.proceed(ReflectiveMethodInvocation.java:184)
	at org.springframework.aop.framework.CglibAopProxy$CglibMethodInvocation.proceed(CglibAopProxy.java:768)
	at org.springframework.aop.framework.CglibAopProxy$DynamicAdvisedInterceptor.intercept(CglibAopProxy.java:720)
	at com.mnco.application.usecases.LabService$$SpringCGLIB$$0.startLab(<generated>)
	at com.mnco.presentation.controller.LabController.startLab(LabController.java:64)
	at java.base/jdk.internal.reflect.DirectMethodHandleAccessor.invoke(DirectMethodHandleAccessor.java:103)
	at java.base/java.lang.reflect.Method.invoke(Method.java:580)
	at org.springframework.aop.support.AopUtils.invokeJoinpointUsingReflection(AopUtils.java:354)
	at org.springframework.aop.framework.CglibAopProxy$DynamicAdvisedInterceptor.intercept(CglibAopProxy.java:716)
	at com.mnco.presentation.controller.LabController$$SpringCGLIB$$0.startLab(<generated>)
	at java.base/jdk.internal.reflect.DirectMethodHandleAccessor.invoke(DirectMethodHandleAccessor.java:103)
	at java.base/java.lang.reflect.Method.invoke(Method.java:580)
	at org.springframework.web.method.support.InvocableHandlerMethod.doInvoke(InvocableHandlerMethod.java:255)
	at org.springframework.web.method.support.InvocableHandlerMethod.invokeForRequest(InvocableHandlerMethod.java:188)
	at org.springframework.web.servlet.mvc.method.annotation.ServletInvocableHandlerMethod.invokeAndHandle(ServletInvocableHandlerMethod.java:118)
	at org.springframework.web.servlet.mvc.method.annotation.RequestMappingHandlerAdapter.invokeHandlerMethod(RequestMappingHandlerAdapter.java:926)
	at org.springframework.web.servlet.mvc.method.annotation.RequestMappingHandlerAdapter.handleInternal(RequestMappingHandlerAdapter.java:831)
	at org.springframework.web.servlet.mvc.method.AbstractHandlerMethodAdapter.handle(AbstractHandlerMethodAdapter.java:87)
	at org.springframework.web.servlet.DispatcherServlet.doDispatch(DispatcherServlet.java:1089)
	at org.springframework.web.servlet.DispatcherServlet.doService(DispatcherServlet.java:979)
	at org.springframework.web.servlet.FrameworkServlet.processRequest(FrameworkServlet.java:1014)
	at org.springframework.web.servlet.FrameworkServlet.doPost(FrameworkServlet.java:914)
	at jakarta.servlet.http.HttpServlet.service(HttpServlet.java:590)
	at org.springframework.web.servlet.FrameworkServlet.service(FrameworkServlet.java:885)
	at jakarta.servlet.http.HttpServlet.service(HttpServlet.java:658)
	at org.apache.catalina.core.ApplicationFilterChain.internalDoFilter(ApplicationFilterChain.java:206)
	at org.apache.catalina.core.ApplicationFilterChain.doFilter(ApplicationFilterChain.java:150)
	at org.apache.tomcat.websocket.server.WsFilter.doFilter(WsFilter.java:51)
	at org.apache.catalina.core.ApplicationFilterChain.internalDoFilter(ApplicationFilterChain.java:175)
	at org.apache.catalina.core.ApplicationFilterChain.doFilter(ApplicationFilterChain.java:150)
	at org.springframework.web.filter.OncePerRequestFilter.doFilter(OncePerRequestFilter.java:110)
	at org.apache.catalina.core.ApplicationFilterChain.internalDoFilter(ApplicationFilterChain.java:175)
	at org.apache.catalina.core.ApplicationFilterChain.doFilter(ApplicationFilterChain.java:150)
	at org.springframework.web.filter.OncePerRequestFilter.doFilter(OncePerRequestFilter.java:110)
	at org.apache.catalina.core.ApplicationFilterChain.internalDoFilter(ApplicationFilterChain.java:175)
	at org.apache.catalina.core.ApplicationFilterChain.doFilter(ApplicationFilterChain.java:150)
	at org.springframework.web.filter.CompositeFilter$VirtualFilterChain.doFilter(CompositeFilter.java:108)
	at org.springframework.security.web.FilterChainProxy.lambda$doFilterInternal$3(FilterChainProxy.java:231)
	at org.springframework.security.web.ObservationFilterChainDecorator$FilterObservation$SimpleFilterObservation.lambda$wrap$1(ObservationFilterChainDecorator.java:479)
	at org.springframework.security.web.ObservationFilterChainDecorator$AroundFilterObservation$SimpleAroundFilterObservation.lambda$wrap$1(ObservationFilterChainDecorator.java:340)
	at org.springframework.security.web.ObservationFilterChainDecorator.lambda$wrapSecured$0(ObservationFilterChainDecorator.java:82)
	at org.springframework.security.web.ObservationFilterChainDecorator$VirtualFilterChain.doFilter(ObservationFilterChainDecorator.java:128)
	at org.springframework.security.web.access.intercept.AuthorizationFilter.doFilter(AuthorizationFilter.java:100)
	at org.springframework.security.web.ObservationFilterChainDecorator$ObservationFilter.wrapFilter(ObservationFilterChainDecorator.java:240)
	at org.springframework.security.web.ObservationFilterChainDecorator$ObservationFilter.doFilter(ObservationFilterChainDecorator.java:227)
	at org.springframework.security.web.ObservationFilterChainDecorator$VirtualFilterChain.doFilter(ObservationFilterChainDecorator.java:137)
	at org.springframework.security.web.access.ExceptionTranslationFilter.doFilter(ExceptionTranslationFilter.java:126)
	at org.springframework.security.web.access.ExceptionTranslationFilter.doFilter(ExceptionTranslationFilter.java:120)
	at org.springframework.security.web.ObservationFilterChainDecorator$ObservationFilter.wrapFilter(ObservationFilterChainDecorator.java:240)
	at org.springframework.security.web.ObservationFilterChainDecorator$ObservationFilter.doFilter(ObservationFilterChainDecorator.java:227)
	at org.springframework.security.web.ObservationFilterChainDecorator$VirtualFilterChain.doFilter(ObservationFilterChainDecorator.java:137)
	at org.springframework.security.web.session.SessionManagementFilter.doFilter(SessionManagementFilter.java:131)
	at org.springframework.security.web.session.SessionManagementFilter.doFilter(SessionManagementFilter.java:85)
	at org.springframework.security.web.ObservationFilterChainDecorator$ObservationFilter.wrapFilter(ObservationFilterChainDecorator.java:240)
	at org.springframework.security.web.ObservationFilterChainDecorator$ObservationFilter.doFilter(ObservationFilterChainDecorator.java:227)
	at org.springframework.security.web.ObservationFilterChainDecorator$VirtualFilterChain.doFilter(ObservationFilterChainDecorator.java:137)
	at org.springframework.security.web.authentication.AnonymousAuthenticationFilter.doFilter(AnonymousAuthenticationFilter.java:100)
	at org.springframework.security.web.ObservationFilterChainDecorator$ObservationFilter.wrapFilter(ObservationFilterChainDecorator.java:240)
	at org.springframework.security.web.ObservationFilterChainDecorator$ObservationFilter.doFilter(ObservationFilterChainDecorator.java:227)
	at org.springframework.security.web.ObservationFilterChainDecorator$VirtualFilterChain.doFilter(ObservationFilterChainDecorator.java:137)
	at org.springframework.security.web.servletapi.SecurityContextHolderAwareRequestFilter.doFilter(SecurityContextHolderAwareRequestFilter.java:179)
	at org.springframework.security.web.ObservationFilterChainDecorator$ObservationFilter.wrapFilter(ObservationFilterChainDecorator.java:240)
	at org.springframework.security.web.ObservationFilterChainDecorator$ObservationFilter.doFilter(ObservationFilterChainDecorator.java:227)
	at org.springframework.security.web.ObservationFilterChainDecorator$VirtualFilterChain.doFilter(ObservationFilterChainDecorator.java:137)
	at org.springframework.security.web.savedrequest.RequestCacheAwareFilter.doFilter(RequestCacheAwareFilter.java:63)
	at org.springframework.security.web.ObservationFilterChainDecorator$ObservationFilter.wrapFilter(ObservationFilterChainDecorator.java:240)
	at org.springframework.security.web.ObservationFilterChainDecorator$ObservationFilter.doFilter(ObservationFilterChainDecorator.java:227)
	at org.springframework.security.web.ObservationFilterChainDecorator$VirtualFilterChain.doFilter(ObservationFilterChainDecorator.java:137)
	at com.mnco.security.filter.JwtAuthenticationFilter.doFilterInternal(JwtAuthenticationFilter.java:82)
	at org.springframework.web.filter.OncePerRequestFilter.doFilter(OncePerRequestFilter.java:116)
	at org.springframework.security.web.ObservationFilterChainDecorator$ObservationFilter.wrapFilter(ObservationFilterChainDecorator.java:240)
	at org.springframework.security.web.ObservationFilterChainDecorator$ObservationFilter.doFilter(ObservationFilterChainDecorator.java:227)
	at org.springframework.security.web.ObservationFilterChainDecorator$VirtualFilterChain.doFilter(ObservationFilterChainDecorator.java:137)
	at com.mnco.config.RequestLoggingFilter.doFilterInternal(RequestLoggingFilter.java:51)
	at org.springframework.web.filter.OncePerRequestFilter.doFilter(OncePerRequestFilter.java:116)
	at org.springframework.security.web.ObservationFilterChainDecorator$ObservationFilter.wrapFilter(ObservationFilterChainDecorator.java:240)
	at org.springframework.security.web.ObservationFilterChainDecorator$ObservationFilter.doFilter(ObservationFilterChainDecorator.java:227)
	at org.springframework.security.web.ObservationFilterChainDecorator$VirtualFilterChain.doFilter(ObservationFilterChainDecorator.java:137)
	at org.springframework.security.web.authentication.logout.LogoutFilter.doFilter(LogoutFilter.java:107)
	at org.springframework.security.web.authentication.logout.LogoutFilter.doFilter(LogoutFilter.java:93)
	at org.springframework.security.web.ObservationFilterChainDecorator$ObservationFilter.wrapFilter(ObservationFilterChainDecorator.java:240)
	at org.springframework.security.web.ObservationFilterChainDecorator$ObservationFilter.doFilter(ObservationFilterChainDecorator.java:227)
	at org.springframework.security.web.ObservationFilterChainDecorator$VirtualFilterChain.doFilter(ObservationFilterChainDecorator.java:137)
	at org.springframework.web.filter.CorsFilter.doFilterInternal(CorsFilter.java:91)
	at org.springframework.web.filter.OncePerRequestFilter.doFilter(OncePerRequestFilter.java:116)
	at org.springframework.security.web.ObservationFilterChainDecorator$ObservationFilter.wrapFilter(ObservationFilterChainDecorator.java:240)
	at org.springframework.security.web.ObservationFilterChainDecorator$ObservationFilter.doFilter(ObservationFilterChainDecorator.java:227)
	at org.springframework.security.web.ObservationFilterChainDecorator$VirtualFilterChain.doFilter(ObservationFilterChainDecorator.java:137)
	at org.springframework.security.web.header.HeaderWriterFilter.doHeadersAfter(HeaderWriterFilter.java:90)
	at org.springframework.security.web.header.HeaderWriterFilter.doFilterInternal(HeaderWriterFilter.java:75)
	at org.springframework.web.filter.OncePerRequestFilter.doFilter(OncePerRequestFilter.java:116)
	at org.springframework.security.web.ObservationFilterChainDecorator$ObservationFilter.wrapFilter(ObservationFilterChainDecorator.java:240)
	at org.springframework.security.web.ObservationFilterChainDecorator$ObservationFilter.doFilter(ObservationFilterChainDecorator.java:227)
	at org.springframework.security.web.ObservationFilterChainDecorator$VirtualFilterChain.doFilter(ObservationFilterChainDecorator.java:137)
	at org.springframework.security.web.context.SecurityContextHolderFilter.doFilter(SecurityContextHolderFilter.java:82)
	at org.springframework.security.web.context.SecurityContextHolderFilter.doFilter(SecurityContextHolderFilter.java:69)
	at org.springframework.security.web.ObservationFilterChainDecorator$ObservationFilter.wrapFilter(ObservationFilterChainDecorator.java:240)
	at org.springframework.security.web.ObservationFilterChainDecorator$ObservationFilter.doFilter(ObservationFilterChainDecorator.java:227)
	at org.springframework.security.web.ObservationFilterChainDecorator$VirtualFilterChain.doFilter(ObservationFilterChainDecorator.java:137)
	at org.springframework.security.web.context.request.async.WebAsyncManagerIntegrationFilter.doFilterInternal(WebAsyncManagerIntegrationFilter.java:62)
	at org.springframework.web.filter.OncePerRequestFilter.doFilter(OncePerRequestFilter.java:116)
	at org.springframework.security.web.ObservationFilterChainDecorator$ObservationFilter.wrapFilter(ObservationFilterChainDecorator.java:240)
	at org.springframework.security.web.ObservationFilterChainDecorator$ObservationFilter.doFilter(ObservationFilterChainDecorator.java:227)
	at org.springframework.security.web.ObservationFilterChainDecorator$VirtualFilterChain.doFilter(ObservationFilterChainDecorator.java:137)
	at org.springframework.security.web.session.DisableEncodeUrlFilter.doFilterInternal(DisableEncodeUrlFilter.java:42)
	at org.springframework.web.filter.OncePerRequestFilter.doFilter(OncePerRequestFilter.java:116)
	at org.springframework.security.web.ObservationFilterChainDecorator$ObservationFilter.wrapFilter(ObservationFilterChainDecorator.java:240)
	at org.springframework.security.web.ObservationFilterChainDecorator$AroundFilterObservation$SimpleAroundFilterObservation.lambda$wrap$0(ObservationFilterChainDecorator.java:323)
	at org.springframework.security.web.ObservationFilterChainDecorator$ObservationFilter.doFilter(ObservationFilterChainDecorator.java:224)
	at org.springframework.security.web.ObservationFilterChainDecorator$VirtualFilterChain.doFilter(ObservationFilterChainDecorator.java:137)
	at org.springframework.security.web.FilterChainProxy.doFilterInternal(FilterChainProxy.java:233)
	at org.springframework.security.web.FilterChainProxy.doFilter(FilterChainProxy.java:191)
	at org.springframework.web.filter.CompositeFilter$VirtualFilterChain.doFilter(CompositeFilter.java:113)
	at org.springframework.web.servlet.handler.HandlerMappingIntrospector.lambda$createCacheFilter$3(HandlerMappingIntrospector.java:195)
	at org.springframework.web.filter.CompositeFilter$VirtualFilterChain.doFilter(CompositeFilter.java:113)
	at org.springframework.web.filter.CompositeFilter.doFilter(CompositeFilter.java:74)
	at org.springframework.security.config.annotation.web.configuration.WebMvcSecurityConfiguration$CompositeFilterChainProxy.doFilter(WebMvcSecurityConfiguration.java:230)
	at org.springframework.web.filter.DelegatingFilterProxy.invokeDelegate(DelegatingFilterProxy.java:352)
	at org.springframework.web.filter.DelegatingFilterProxy.doFilter(DelegatingFilterProxy.java:268)
	at org.apache.catalina.core.ApplicationFilterChain.internalDoFilter(ApplicationFilterChain.java:175)
	at org.apache.catalina.core.ApplicationFilterChain.doFilter(ApplicationFilterChain.java:150)
	at org.springframework.web.filter.RequestContextFilter.doFilterInternal(RequestContextFilter.java:100)
	at org.springframework.web.filter.OncePerRequestFilter.doFilter(OncePerRequestFilter.java:116)
	at org.apache.catalina.core.ApplicationFilterChain.internalDoFilter(ApplicationFilterChain.java:175)
	at org.apache.catalina.core.ApplicationFilterChain.doFilter(ApplicationFilterChain.java:150)
	at org.springframework.web.filter.FormContentFilter.doFilterInternal(FormContentFilter.java:93)
	at org.springframework.web.filter.OncePerRequestFilter.doFilter(OncePerRequestFilter.java:116)
	at org.apache.catalina.core.ApplicationFilterChain.internalDoFilter(ApplicationFilterChain.java:175)
	at org.apache.catalina.core.ApplicationFilterChain.doFilter(ApplicationFilterChain.java:150)
	at org.springframework.web.filter.ServerHttpObservationFilter.doFilterInternal(ServerHttpObservationFilter.java:109)
	at org.springframework.web.filter.OncePerRequestFilter.doFilter(OncePerRequestFilter.java:116)
	at org.apache.catalina.core.ApplicationFilterChain.internalDoFilter(ApplicationFilterChain.java:175)
	at org.apache.catalina.core.ApplicationFilterChain.doFilter(ApplicationFilterChain.java:150)
	at org.springframework.web.filter.CharacterEncodingFilter.doFilterInternal(CharacterEncodingFilter.java:201)
	at org.springframework.web.filter.OncePerRequestFilter.doFilter(OncePerRequestFilter.java:116)
	at org.apache.catalina.core.ApplicationFilterChain.internalDoFilter(ApplicationFilterChain.java:175)
	at org.apache.catalina.core.ApplicationFilterChain.doFilter(ApplicationFilterChain.java:150)
	at org.apache.catalina.core.StandardWrapperValve.invoke(StandardWrapperValve.java:167)
	at org.apache.catalina.core.StandardContextValve.invoke(StandardContextValve.java:90)
	at org.apache.catalina.authenticator.AuthenticatorBase.invoke(AuthenticatorBase.java:482)
	at org.apache.catalina.core.StandardHostValve.invoke(StandardHostValve.java:115)
	at org.apache.catalina.valves.ErrorReportValve.invoke(ErrorReportValve.java:93)
	at org.apache.catalina.core.StandardEngineValve.invoke(StandardEngineValve.java:74)
	at org.apache.catalina.connector.CoyoteAdapter.service(CoyoteAdapter.java:344)
	at org.apache.coyote.http11.Http11Processor.service(Http11Processor.java:391)
	at org.apache.coyote.AbstractProcessorLight.process(AbstractProcessorLight.java:63)
	at org.apache.coyote.AbstractProtocol$ConnectionHandler.process(AbstractProtocol.java:896)
	at org.apache.tomcat.util.net.NioEndpoint$SocketProcessor.doRun(NioEndpoint.java:1736)
	at org.apache.tomcat.util.net.SocketProcessorBase.run(SocketProcessorBase.java:52)
	at org.apache.tomcat.util.threads.ThreadPoolExecutor.runWorker(ThreadPoolExecutor.java:1191)
	at org.apache.tomcat.util.threads.ThreadPoolExecutor$Worker.run(ThreadPoolExecutor.java:659)
	at org.apache.tomcat.util.threads.TaskThread$WrappingRunnable.run(TaskThread.java:63)
	at java.base/java.lang.Thread.run(Thread.java:1575)
Caused by: com.mnco.exception.custom.EveNgIntegrationException: Start lab failed: HTTP 404 NOT_FOUND
	at com.mnco.infrastructure.external.eveng.EveNgRestService.startLab(EveNgRestService.java:132)
	at com.mnco.application.usecases.LabService.startLab(LabService.java:178)
	... 174 common frames omitted
Caused by: org.springframework.web.reactive.function.client.WebClientResponseException$NotFound: 404 Not Found from GET http://192.168.100.10/api/labs%2Fbasic-router-switch-lab-39c997d5-7ea6-4da6-90a6-d87a9fb445b5.unl/nodes
	at org.springframework.web.reactive.function.client.WebClientResponseException.create(WebClientResponseException.java:310)
	Suppressed: reactor.core.publisher.FluxOnAssembly$OnAssemblyException: 
Error has been observed at the following site(s):
	*__checkpoint ⇢ 404 NOT_FOUND from GET http://192.168.100.10/api/labs%2Fbasic-router-switch-lab-39c997d5-7ea6-4da6-90a6-d87a9fb445b5.unl/nodes [DefaultWebClient]
Original Stack Trace:
		at org.springframework.web.reactive.function.client.WebClientResponseException.create(WebClientResponseException.java:310)
		at org.springframework.web.reactive.function.client.DefaultClientResponse.lambda$createException$1(DefaultClientResponse.java:214)
		at reactor.core.publisher.FluxMap$MapSubscriber.onNext(FluxMap.java:106)
		at reactor.core.publisher.FluxOnErrorReturn$ReturnSubscriber.onNext(FluxOnErrorReturn.java:162)
		at reactor.core.publisher.FluxDefaultIfEmpty$DefaultIfEmptySubscriber.onNext(FluxDefaultIfEmpty.java:122)
		at reactor.core.publisher.FluxMapFuseable$MapFuseableSubscriber.onNext(FluxMapFuseable.java:129)
		at reactor.core.publisher.FluxContextWrite$ContextWriteSubscriber.onNext(FluxContextWrite.java:107)
		at reactor.core.publisher.FluxMapFuseable$MapFuseableConditionalSubscriber.onNext(FluxMapFuseable.java:299)
		at reactor.core.publisher.FluxFilterFuseable$FilterFuseableConditionalSubscriber.onNext(FluxFilterFuseable.java:337)
		at reactor.core.publisher.Operators$BaseFluxToMonoOperator.completePossiblyEmpty(Operators.java:2097)
		at reactor.core.publisher.MonoCollect$CollectSubscriber.onComplete(MonoCollect.java:145)
		at reactor.core.publisher.FluxMap$MapSubscriber.onComplete(FluxMap.java:144)
		at reactor.core.publisher.FluxPeek$PeekSubscriber.onComplete(FluxPeek.java:260)
		at reactor.core.publisher.FluxMap$MapSubscriber.onComplete(FluxMap.java:144)
		at reactor.netty.channel.FluxReceive.onInboundComplete(FluxReceive.java:415)
		at reactor.netty.channel.ChannelOperations.onInboundComplete(ChannelOperations.java:446)
		at reactor.netty.channel.ChannelOperations.terminate(ChannelOperations.java:500)
		at reactor.netty.http.client.HttpClientOperations.onInboundNext(HttpClientOperations.java:793)
		at reactor.netty.channel.ChannelOperationsHandler.channelRead(ChannelOperationsHandler.java:114)
		at io.netty.channel.AbstractChannelHandlerContext.invokeChannelRead(AbstractChannelHandlerContext.java:444)
		at io.netty.channel.AbstractChannelHandlerContext.invokeChannelRead(AbstractChannelHandlerContext.java:420)
		at io.netty.channel.AbstractChannelHandlerContext.fireChannelRead(AbstractChannelHandlerContext.java:412)
		at io.netty.handler.codec.MessageToMessageDecoder.channelRead(MessageToMessageDecoder.java:103)
		at io.netty.channel.AbstractChannelHandlerContext.invokeChannelRead(AbstractChannelHandlerContext.java:444)
		at io.netty.channel.AbstractChannelHandlerContext.invokeChannelRead(AbstractChannelHandlerContext.java:420)
		at io.netty.channel.AbstractChannelHandlerContext.fireChannelRead(AbstractChannelHandlerContext.java:412)
		at io.netty.channel.CombinedChannelDuplexHandler$DelegatingChannelHandlerContext.fireChannelRead(CombinedChannelDuplexHandler.java:436)
		at io.netty.handler.codec.ByteToMessageDecoder.fireChannelRead(ByteToMessageDecoder.java:346)
		at io.netty.handler.codec.ByteToMessageDecoder.channelRead(ByteToMessageDecoder.java:318)
		at io.netty.channel.CombinedChannelDuplexHandler.channelRead(CombinedChannelDuplexHandler.java:251)
		at io.netty.channel.AbstractChannelHandlerContext.invokeChannelRead(AbstractChannelHandlerContext.java:442)
		at io.netty.channel.AbstractChannelHandlerContext.invokeChannelRead(AbstractChannelHandlerContext.java:420)
		at io.netty.channel.AbstractChannelHandlerContext.fireChannelRead(AbstractChannelHandlerContext.java:412)
		at io.netty.channel.DefaultChannelPipeline$HeadContext.channelRead(DefaultChannelPipeline.java:1410)
		at io.netty.channel.AbstractChannelHandlerContext.invokeChannelRead(AbstractChannelHandlerContext.java:440)
		at io.netty.channel.AbstractChannelHandlerContext.invokeChannelRead(AbstractChannelHandlerContext.java:420)
		at io.netty.channel.DefaultChannelPipeline.fireChannelRead(DefaultChannelPipeline.java:919)
		at io.netty.channel.nio.AbstractNioByteChannel$NioByteUnsafe.read(AbstractNioByteChannel.java:166)
		at io.netty.channel.nio.NioEventLoop.processSelectedKey(NioEventLoop.java:788)
		at io.netty.channel.nio.NioEventLoop.processSelectedKeysOptimized(NioEventLoop.java:724)
		at io.netty.channel.nio.NioEventLoop.processSelectedKeys(NioEventLoop.java:650)
		at io.netty.channel.nio.NioEventLoop.run(NioEventLoop.java:562)
		at io.netty.util.concurrent.SingleThreadEventExecutor$4.run(SingleThreadEventExecutor.java:997)
		at io.netty.util.internal.ThreadExecutorMap$2.run(ThreadExecutorMap.java:74)
		at io.netty.util.concurrent.FastThreadLocalRunnable.run(FastThreadLocalRunnable.java:30)
		at java.base/java.lang.Thread.run(Thread.java:1575)
	Suppressed: java.lang.Exception: #block terminated with an error
		at reactor.core.publisher.BlockingSingleSubscriber.blockingGet(BlockingSingleSubscriber.java:104)
		at reactor.core.publisher.Mono.block(Mono.java:1779)
		at com.mnco.infrastructure.external.eveng.EveNgRestService.startLab(EveNgRestService.java:130)
		at com.mnco.application.usecases.LabService.startLab(LabService.java:178)
		at java.base/jdk.internal.reflect.DirectMethodHandleAccessor.invoke(DirectMethodHandleAccessor.java:103)
		at java.base/java.lang.reflect.Method.invoke(Method.java:580)
		at org.springframework.aop.support.AopUtils.invokeJoinpointUsingReflection(AopUtils.java:354)
		at org.springframework.aop.framework.ReflectiveMethodInvocation.invokeJoinpoint(ReflectiveMethodInvocation.java:196)
		at org.springframework.aop.framework.ReflectiveMethodInvocation.proceed(ReflectiveMethodInvocation.java:163)
		at org.springframework.aop.framework.CglibAopProxy$CglibMethodInvocation.proceed(CglibAopProxy.java:768)
		at org.springframework.aop.aspectj.MethodInvocationProceedingJoinPoint.proceed(MethodInvocationProceedingJoinPoint.java:89)
		at com.mnco.config.LoggingAspect.logUseCaseExecution(LoggingAspect.java:30)
		at java.base/jdk.internal.reflect.DirectMethodHandleAccessor.invoke(DirectMethodHandleAccessor.java:103)
		at java.base/java.lang.reflect.Method.invoke(Method.java:580)
		at org.springframework.aop.aspectj.AbstractAspectJAdvice.invokeAdviceMethodWithGivenArgs(AbstractAspectJAdvice.java:637)
		at org.springframework.aop.aspectj.AbstractAspectJAdvice.invokeAdviceMethod(AbstractAspectJAdvice.java:627)
		at org.springframework.aop.aspectj.AspectJAroundAdvice.invoke(AspectJAroundAdvice.java:71)
		at org.springframework.aop.framework.ReflectiveMethodInvocation.proceed(ReflectiveMethodInvocation.java:184)
		at org.springframework.aop.framework.CglibAopProxy$CglibMethodInvocation.proceed(CglibAopProxy.java:768)
		at org.springframework.transaction.interceptor.TransactionInterceptor$1.proceedWithInvocation(TransactionInterceptor.java:123)
		at org.springframework.transaction.interceptor.TransactionAspectSupport.invokeWithinTransaction(TransactionAspectSupport.java:392)
		at org.springframework.transaction.interceptor.TransactionInterceptor.invoke(TransactionInterceptor.java:119)
		at org.springframework.aop.framework.ReflectiveMethodInvocation.proceed(ReflectiveMethodInvocation.java:184)
		at org.springframework.aop.framework.CglibAopProxy$CglibMethodInvocation.proceed(CglibAopProxy.java:768)
		at org.springframework.aop.interceptor.ExposeInvocationInterceptor.invoke(ExposeInvocationInterceptor.java:97)
		at org.springframework.aop.framework.ReflectiveMethodInvocation.proceed(ReflectiveMethodInvocation.java:184)
		at org.springframework.aop.framework.CglibAopProxy$CglibMethodInvocation.proceed(CglibAopProxy.java:768)
		at org.springframework.aop.framework.CglibAopProxy$DynamicAdvisedInterceptor.intercept(CglibAopProxy.java:720)
		at com.mnco.application.usecases.LabService$$SpringCGLIB$$0.startLab(<generated>)
		at com.mnco.presentation.controller.LabController.startLab(LabController.java:64)
		at java.base/jdk.internal.reflect.DirectMethodHandleAccessor.invoke(DirectMethodHandleAccessor.java:103)
		at java.base/java.lang.reflect.Method.invoke(Method.java:580)
		at org.springframework.aop.support.AopUtils.invokeJoinpointUsingReflection(AopUtils.java:354)
		at org.springframework.aop.framework.CglibAopProxy$DynamicAdvisedInterceptor.intercept(CglibAopProxy.java:716)
		at com.mnco.presentation.controller.LabController$$SpringCGLIB$$0.startLab(<generated>)
		at java.base/jdk.internal.reflect.DirectMethodHandleAccessor.invoke(DirectMethodHandleAccessor.java:103)
		at java.base/java.lang.reflect.Method.invoke(Method.java:580)
		at org.springframework.web.method.support.InvocableHandlerMethod.doInvoke(InvocableHandlerMethod.java:255)
		at org.springframework.web.method.support.InvocableHandlerMethod.invokeForRequest(InvocableHandlerMethod.java:188)
		at org.springframework.web.servlet.mvc.method.annotation.ServletInvocableHandlerMethod.invokeAndHandle(ServletInvocableHandlerMethod.java:118)
		at org.springframework.web.servlet.mvc.method.annotation.RequestMappingHandlerAdapter.invokeHandlerMethod(RequestMappingHandlerAdapter.java:926)
		at org.springframework.web.servlet.mvc.method.annotation.RequestMappingHandlerAdapter.handleInternal(RequestMappingHandlerAdapter.java:831)
		at org.springframework.web.servlet.mvc.method.AbstractHandlerMethodAdapter.handle(AbstractHandlerMethodAdapter.java:87)
		at org.springframework.web.servlet.DispatcherServlet.doDispatch(DispatcherServlet.java:1089)
		at org.springframework.web.servlet.DispatcherServlet.doService(DispatcherServlet.java:979)
		at org.springframework.web.servlet.FrameworkServlet.processRequest(FrameworkServlet.java:1014)
		at org.springframework.web.servlet.FrameworkServlet.doPost(FrameworkServlet.java:914)
		at jakarta.servlet.http.HttpServlet.service(HttpServlet.java:590)
		at org.springframework.web.servlet.FrameworkServlet.service(FrameworkServlet.java:885)
		at jakarta.servlet.http.HttpServlet.service(HttpServlet.java:658)
		at org.apache.catalina.core.ApplicationFilterChain.internalDoFilter(ApplicationFilterChain.java:206)
		at org.apache.catalina.core.ApplicationFilterChain.doFilter(ApplicationFilterChain.java:150)
		at org.apache.tomcat.websocket.server.WsFilter.doFilter(WsFilter.java:51)
		at org.apache.catalina.core.ApplicationFilterChain.internalDoFilter(ApplicationFilterChain.java:175)
		at org.apache.catalina.core.ApplicationFilterChain.doFilter(ApplicationFilterChain.java:150)
		at org.springframework.web.filter.OncePerRequestFilter.doFilter(OncePerRequestFilter.java:110)
		at org.apache.catalina.core.ApplicationFilterChain.internalDoFilter(ApplicationFilterChain.java:175)
		at org.apache.catalina.core.ApplicationFilterChain.doFilter(ApplicationFilterChain.java:150)
		at org.springframework.web.filter.OncePerRequestFilter.doFilter(OncePerRequestFilter.java:110)
		at org.apache.catalina.core.ApplicationFilterChain.internalDoFilter(ApplicationFilterChain.java:175)
		at org.apache.catalina.core.ApplicationFilterChain.doFilter(ApplicationFilterChain.java:150)
		at org.springframework.web.filter.CompositeFilter$VirtualFilterChain.doFilter(CompositeFilter.java:108)
		at org.springframework.security.web.FilterChainProxy.lambda$doFilterInternal$3(FilterChainProxy.java:231)
		at org.springframework.security.web.ObservationFilterChainDecorator$FilterObservation$SimpleFilterObservation.lambda$wrap$1(ObservationFilterChainDecorator.java:479)
		at org.springframework.security.web.ObservationFilterChainDecorator$AroundFilterObservation$SimpleAroundFilterObservation.lambda$wrap$1(ObservationFilterChainDecorator.java:340)
		at org.springframework.security.web.ObservationFilterChainDecorator.lambda$wrapSecured$0(ObservationFilterChainDecorator.java:82)
		at org.springframework.security.web.ObservationFilterChainDecorator$VirtualFilterChain.doFilter(ObservationFilterChainDecorator.java:128)
		at org.springframework.security.web.access.intercept.AuthorizationFilter.doFilter(AuthorizationFilter.java:100)
		at org.springframework.security.web.ObservationFilterChainDecorator$ObservationFilter.wrapFilter(ObservationFilterChainDecorator.java:240)
		at org.springframework.security.web.ObservationFilterChainDecorator$ObservationFilter.doFilter(ObservationFilterChainDecorator.java:227)
		at org.springframework.security.web.ObservationFilterChainDecorator$VirtualFilterChain.doFilter(ObservationFilterChainDecorator.java:137)
		at org.springframework.security.web.access.ExceptionTranslationFilter.doFilter(ExceptionTranslationFilter.java:126)
		at org.springframework.security.web.access.ExceptionTranslationFilter.doFilter(ExceptionTranslationFilter.java:120)
		at org.springframework.security.web.ObservationFilterChainDecorator$ObservationFilter.wrapFilter(ObservationFilterChainDecorator.java:240)
		at org.springframework.security.web.ObservationFilterChainDecorator$ObservationFilter.doFilter(ObservationFilterChainDecorator.java:227)
		at org.springframework.security.web.ObservationFilterChainDecorator$VirtualFilterChain.doFilter(ObservationFilterChainDecorator.java:137)
		at org.springframework.security.web.session.SessionManagementFilter.doFilter(SessionManagementFilter.java:131)
		at org.springframework.security.web.session.SessionManagementFilter.doFilter(SessionManagementFilter.java:85)
		at org.springframework.security.web.ObservationFilterChainDecorator$ObservationFilter.wrapFilter(ObservationFilterChainDecorator.java:240)
		at org.springframework.security.web.ObservationFilterChainDecorator$ObservationFilter.doFilter(ObservationFilterChainDecorator.java:227)
		at org.springframework.security.web.ObservationFilterChainDecorator$VirtualFilterChain.doFilter(ObservationFilterChainDecorator.java:137)
		at org.springframework.security.web.authentication.AnonymousAuthenticationFilter.doFilter(AnonymousAuthenticationFilter.java:100)
		at org.springframework.security.web.ObservationFilterChainDecorator$ObservationFilter.wrapFilter(ObservationFilterChainDecorator.java:240)
		at org.springframework.security.web.ObservationFilterChainDecorator$ObservationFilter.doFilter(ObservationFilterChainDecorator.java:227)
		at org.springframework.security.web.ObservationFilterChainDecorator$VirtualFilterChain.doFilter(ObservationFilterChainDecorator.java:137)
		at org.springframework.security.web.servletapi.SecurityContextHolderAwareRequestFilter.doFilter(SecurityContextHolderAwareRequestFilter.java:179)
		at org.springframework.security.web.ObservationFilterChainDecorator$ObservationFilter.wrapFilter(ObservationFilterChainDecorator.java:240)
		at org.springframework.security.web.ObservationFilterChainDecorator$ObservationFilter.doFilter(ObservationFilterChainDecorator.java:227)
		at org.springframework.security.web.ObservationFilterChainDecorator$VirtualFilterChain.doFilter(ObservationFilterChainDecorator.java:137)
		at org.springframework.security.web.savedrequest.RequestCacheAwareFilter.doFilter(RequestCacheAwareFilter.java:63)
		at org.springframework.security.web.ObservationFilterChainDecorator$ObservationFilter.wrapFilter(ObservationFilterChainDecorator.java:240)
		at org.springframework.security.web.ObservationFilterChainDecorator$ObservationFilter.doFilter(ObservationFilterChainDecorator.java:227)
		at org.springframework.security.web.ObservationFilterChainDecorator$VirtualFilterChain.doFilter(ObservationFilterChainDecorator.java:137)
		at com.mnco.security.filter.JwtAuthenticationFilter.doFilterInternal(JwtAuthenticationFilter.java:82)
		at org.springframework.web.filter.OncePerRequestFilter.doFilter(OncePerRequestFilter.java:116)
		at org.springframework.security.web.ObservationFilterChainDecorator$ObservationFilter.wrapFilter(ObservationFilterChainDecorator.java:240)
		at org.springframework.security.web.ObservationFilterChainDecorator$ObservationFilter.doFilter(ObservationFilterChainDecorator.java:227)
		at org.springframework.security.web.ObservationFilterChainDecorator$VirtualFilterChain.doFilter(ObservationFilterChainDecorator.java:137)
		at com.mnco.config.RequestLoggingFilter.doFilterInternal(RequestLoggingFilter.java:51)
		at org.springframework.web.filter.OncePerRequestFilter.doFilter(OncePerRequestFilter.java:116)
		at org.springframework.security.web.ObservationFilterChainDecorator$ObservationFilter.wrapFilter(ObservationFilterChainDecorator.java:240)
		at org.springframework.security.web.ObservationFilterChainDecorator$ObservationFilter.doFilter(ObservationFilterChainDecorator.java:227)
		at org.springframework.security.web.ObservationFilterChainDecorator$VirtualFilterChain.doFilter(ObservationFilterChainDecorator.java:137)
		at org.springframework.security.web.authentication.logout.LogoutFilter.doFilter(LogoutFilter.java:107)
		at org.springframework.security.web.authentication.logout.LogoutFilter.doFilter(LogoutFilter.java:93)
		at org.springframework.security.web.ObservationFilterChainDecorator$ObservationFilter.wrapFilter(ObservationFilterChainDecorator.java:240)
		at org.springframework.security.web.ObservationFilterChainDecorator$ObservationFilter.doFilter(ObservationFilterChainDecorator.java:227)
		at org.springframework.security.web.ObservationFilterChainDecorator$VirtualFilterChain.doFilter(ObservationFilterChainDecorator.java:137)
		at org.springframework.web.filter.CorsFilter.doFilterInternal(CorsFilter.java:91)
		at org.springframework.web.filter.OncePerRequestFilter.doFilter(OncePerRequestFilter.java:116)
		at org.springframework.security.web.ObservationFilterChainDecorator$ObservationFilter.wrapFilter(ObservationFilterChainDecorator.java:240)
		at org.springframework.security.web.ObservationFilterChainDecorator$ObservationFilter.doFilter(ObservationFilterChainDecorator.java:227)
		at org.springframework.security.web.ObservationFilterChainDecorator$VirtualFilterChain.doFilter(ObservationFilterChainDecorator.java:137)
		at org.springframework.security.web.header.HeaderWriterFilter.doHeadersAfter(HeaderWriterFilter.java:90)
		at org.springframework.security.web.header.HeaderWriterFilter.doFilterInternal(HeaderWriterFilter.java:75)
		at org.springframework.web.filter.OncePerRequestFilter.doFilter(OncePerRequestFilter.java:116)
		at org.springframework.security.web.ObservationFilterChainDecorator$ObservationFilter.wrapFilter(ObservationFilterChainDecorator.java:240)
		at org.springframework.security.web.ObservationFilterChainDecorator$ObservationFilter.doFilter(ObservationFilterChainDecorator.java:227)
		at org.springframework.security.web.ObservationFilterChainDecorator$VirtualFilterChain.doFilter(ObservationFilterChainDecorator.java:137)
		at org.springframework.security.web.context.SecurityContextHolderFilter.doFilter(SecurityContextHolderFilter.java:82)
		at org.springframework.security.web.context.SecurityContextHolderFilter.doFilter(SecurityContextHolderFilter.java:69)
		at org.springframework.security.web.ObservationFilterChainDecorator$ObservationFilter.wrapFilter(ObservationFilterChainDecorator.java:240)
		at org.springframework.security.web.ObservationFilterChainDecorator$ObservationFilter.doFilter(ObservationFilterChainDecorator.java:227)
		at org.springframework.security.web.ObservationFilterChainDecorator$VirtualFilterChain.doFilter(ObservationFilterChainDecorator.java:137)
		at org.springframework.security.web.context.request.async.WebAsyncManagerIntegrationFilter.doFilterInternal(WebAsyncManagerIntegrationFilter.java:62)
		at org.springframework.web.filter.OncePerRequestFilter.doFilter(OncePerRequestFilter.java:116)
		at org.springframework.security.web.ObservationFilterChainDecorator$ObservationFilter.wrapFilter(ObservationFilterChainDecorator.java:240)
		at org.springframework.security.web.ObservationFilterChainDecorator$ObservationFilter.doFilter(ObservationFilterChainDecorator.java:227)
		at org.springframework.security.web.ObservationFilterChainDecorator$VirtualFilterChain.doFilter(ObservationFilterChainDecorator.java:137)
		at org.springframework.security.web.session.DisableEncodeUrlFilter.doFilterInternal(DisableEncodeUrlFilter.java:42)
		at org.springframework.web.filter.OncePerRequestFilter.doFilter(OncePerRequestFilter.java:116)
		at org.springframework.security.web.ObservationFilterChainDecorator$ObservationFilter.wrapFilter(ObservationFilterChainDecorator.java:240)
		at org.springframework.security.web.ObservationFilterChainDecorator$AroundFilterObservation$SimpleAroundFilterObservation.lambda$wrap$0(ObservationFilterChainDecorator.java:323)
		at org.springframework.security.web.ObservationFilterChainDecorator$ObservationFilter.doFilter(ObservationFilterChainDecorator.java:224)
		at org.springframework.security.web.ObservationFilterChainDecorator$VirtualFilterChain.doFilter(ObservationFilterChainDecorator.java:137)
		at org.springframework.security.web.FilterChainProxy.doFilterInternal(FilterChainProxy.java:233)
		at org.springframework.security.web.FilterChainProxy.doFilter(FilterChainProxy.java:191)
		at org.springframework.web.filter.CompositeFilter$VirtualFilterChain.doFilter(CompositeFilter.java:113)
		at org.springframework.web.servlet.handler.HandlerMappingIntrospector.lambda$createCacheFilter$3(HandlerMappingIntrospector.java:195)
		at org.springframework.web.filter.CompositeFilter$VirtualFilterChain.doFilter(CompositeFilter.java:113)
		at org.springframework.web.filter.CompositeFilter.doFilter(CompositeFilter.java:74)
		at org.springframework.security.config.annotation.web.configuration.WebMvcSecurityConfiguration$CompositeFilterChainProxy.doFilter(WebMvcSecurityConfiguration.java:230)
		at org.springframework.web.filter.DelegatingFilterProxy.invokeDelegate(DelegatingFilterProxy.java:352)
		at org.springframework.web.filter.DelegatingFilterProxy.doFilter(DelegatingFilterProxy.java:268)
		at org.apache.catalina.core.ApplicationFilterChain.internalDoFilter(ApplicationFilterChain.java:175)
		at org.apache.catalina.core.ApplicationFilterChain.doFilter(ApplicationFilterChain.java:150)
		at org.springframework.web.filter.RequestContextFilter.doFilterInternal(RequestContextFilter.java:100)
		at org.springframework.web.filter.OncePerRequestFilter.doFilter(OncePerRequestFilter.java:116)
		at org.apache.catalina.core.ApplicationFilterChain.internalDoFilter(ApplicationFilterChain.java:175)
		at org.apache.catalina.core.ApplicationFilterChain.doFilter(ApplicationFilterChain.java:150)
		at org.springframework.web.filter.FormContentFilter.doFilterInternal(FormContentFilter.java:93)
		at org.springframework.web.filter.OncePerRequestFilter.doFilter(OncePerRequestFilter.java:116)
		at org.apache.catalina.core.ApplicationFilterChain.internalDoFilter(ApplicationFilterChain.java:175)
		at org.apache.catalina.core.ApplicationFilterChain.doFilter(ApplicationFilterChain.java:150)
		at org.springframework.web.filter.ServerHttpObservationFilter.doFilterInternal(ServerHttpObservationFilter.java:109)
		at org.springframework.web.filter.OncePerRequestFilter.doFilter(OncePerRequestFilter.java:116)
		at org.apache.catalina.core.ApplicationFilterChain.internalDoFilter(ApplicationFilterChain.java:175)
		at org.apache.catalina.core.ApplicationFilterChain.doFilter(ApplicationFilterChain.java:150)
		at org.springframework.web.filter.CharacterEncodingFilter.doFilterInternal(CharacterEncodingFilter.java:201)
		at org.springframework.web.filter.OncePerRequestFilter.doFilter(OncePerRequestFilter.java:116)
		at org.apache.catalina.core.ApplicationFilterChain.internalDoFilter(ApplicationFilterChain.java:175)
		at org.apache.catalina.core.ApplicationFilterChain.doFilter(ApplicationFilterChain.java:150)
		at org.apache.catalina.core.StandardWrapperValve.invoke(StandardWrapperValve.java:167)
		at org.apache.catalina.core.StandardContextValve.invoke(StandardContextValve.java:90)
		at org.apache.catalina.authenticator.AuthenticatorBase.invoke(AuthenticatorBase.java:482)
		at org.apache.catalina.core.StandardHostValve.invoke(StandardHostValve.java:115)
		at org.apache.catalina.valves.ErrorReportValve.invoke(ErrorReportValve.java:93)
		at org.apache.catalina.core.StandardEngineValve.invoke(StandardEngineValve.java:74)
		at org.apache.catalina.connector.CoyoteAdapter.service(CoyoteAdapter.java:344)
		at org.apache.coyote.http11.Http11Processor.service(Http11Processor.java:391)
		at org.apache.coyote.AbstractProcessorLight.process(AbstractProcessorLight.java:63)
		at org.apache.coyote.AbstractProtocol$ConnectionHandler.process(AbstractProtocol.java:896)
		at org.apache.tomcat.util.net.NioEndpoint$SocketProcessor.doRun(NioEndpoint.java:1736)
		at org.apache.tomcat.util.net.SocketProcessorBase.run(SocketProcessorBase.java:52)
		at org.apache.tomcat.util.threads.ThreadPoolExecutor.runWorker(ThreadPoolExecutor.java:1191)
		at org.apache.tomcat.util.threads.ThreadPoolExecutor$Worker.run(ThreadPoolExecutor.java:659)
		at org.apache.tomcat.util.threads.TaskThread$WrappingRunnable.run(TaskThread.java:63)
		at java.base/java.lang.Thread.run(Thread.java:1575)
2026-04-19 00:43:05 [http-nio-8080-exec-7] INFO  c.mnco.config.RequestLoggingFilter - {"timestamp":"2026-04-18T23:43:05.990387800Z","level":"WARN","traceId":"1a3b12272e6d425d","httpMethod":"POST","requestUri":"/api/v1/labs/39c997d5-7ea6-4da6-90a6-d87a9fb445b5/start","userId":"testuser123","httpStatus":502,"durationMs":287,"errorMessage":"HTTP 502"}
2026-04-19 00:57:15 [scheduling-1] DEBUG c.mnco.config.LabIdleStopScheduler - Idle lab check: no labs exceeded 120min idle threshold
2026-04-19 01:12:15 [scheduling-1] DEBUG c.mnco.config.LabIdleStopScheduler - Idle lab check: no labs exceeded 120min idle threshold
2026-04-19 01:27:15 [scheduling-1] DEBUG c.mnco.config.LabIdleStopScheduler - Idle lab check: no labs exceeded 120min idle threshold
2026-04-19 01:42:16 [scheduling-1] DEBUG c.mnco.config.LabIdleStopScheduler - Idle lab check: no labs exceeded 120min idle threshold
2026-04-19 01:54:52 [SpringApplicationShutdownHook] INFO  o.s.o.j.LocalContainerEntityManagerFactoryBean - Closing JPA EntityManagerFactory for persistence unit 'default'
2026-04-19 01:54:52 [SpringApplicationShutdownHook] INFO  com.zaxxer.hikari.HikariDataSource - MncoHikariPool - Shutdown initiated...
2026-04-19 01:54:52 [SpringApplicationShutdownHook] INFO  com.zaxxer.hikari.HikariDataSource - MncoHikariPool - Shutdown completed.
2026-04-19 01:56:47 [main] INFO  com.mnco.MncoApplication - Starting MncoApplication using Java 23.0.2 with PID 23652 (C:\Users\ELANIBRI\Documents\LabOrchestrator\LabOrchestrator\mnco-backend\target\classes started by ELANIBRI in C:\Users\ELANIBRI\Documents\LabOrchestrator\LabOrchestrator\mnco-backend)
2026-04-19 01:56:47 [main] DEBUG com.mnco.MncoApplication - Running with Spring Boot v3.2.5, Spring v6.1.6
2026-04-19 01:56:47 [main] INFO  com.mnco.MncoApplication - The following 1 profile is active: "MncoApplication"
2026-04-19 01:56:55 [main] INFO  o.s.d.r.c.RepositoryConfigurationDelegate - Bootstrapping Spring Data JPA repositories in DEFAULT mode.
2026-04-19 01:56:55 [main] INFO  o.s.d.r.c.RepositoryConfigurationDelegate - Finished Spring Data repository scanning in 694 ms. Found 6 JPA repository interfaces.
2026-04-19 01:57:00 [main] INFO  o.s.b.w.e.tomcat.TomcatWebServer - Tomcat initialized with port 8080 (http)
2026-04-19 01:57:00 [main] INFO  o.a.catalina.core.StandardService - Starting service [Tomcat]
2026-04-19 01:57:00 [main] INFO  o.a.catalina.core.StandardEngine - Starting Servlet engine: [Apache Tomcat/10.1.20]
2026-04-19 01:57:00 [main] INFO  o.a.c.c.C.[Tomcat].[localhost].[/] - Initializing Spring embedded WebApplicationContext
2026-04-19 01:57:00 [main] INFO  o.s.b.w.s.c.ServletWebServerApplicationContext - Root WebApplicationContext: initialization completed in 12771 ms
2026-04-19 01:57:06 [main] INFO  c.mnco.security.service.JwtService - JWT service initialized with expiration=86400000ms
2026-04-19 01:57:08 [main] INFO  com.zaxxer.hikari.HikariDataSource - MncoHikariPool - Starting...
2026-04-19 01:57:08 [main] INFO  com.zaxxer.hikari.pool.HikariPool - MncoHikariPool - Added connection org.postgresql.jdbc.PgConnection@4119346d
2026-04-19 01:57:08 [main] INFO  com.zaxxer.hikari.HikariDataSource - MncoHikariPool - Start completed.
2026-04-19 01:57:08 [main] INFO  org.flywaydb.core.FlywayExecutor - Database: jdbc:postgresql://localhost:5432/mnco_db (PostgreSQL 15.17)
2026-04-19 01:57:08 [main] INFO  o.f.core.internal.command.DbValidate - Successfully validated 4 migrations (execution time 00:00.300s)
2026-04-19 01:57:09 [main] INFO  o.f.core.internal.command.DbMigrate - Current version of schema "public": 3
2026-04-19 01:57:09 [main] INFO  o.f.core.internal.command.DbMigrate - Migrating schema "public" to version "4 - eveng lab discovery"
2026-04-19 01:57:09 [main] INFO  o.f.core.internal.command.DbMigrate - Successfully applied 1 migration to schema "public", now at version v4 (execution time 00:00.337s)
2026-04-19 01:57:09 [main] INFO  o.h.jpa.internal.util.LogHelper - HHH000204: Processing PersistenceUnitInfo [name: default]
2026-04-19 01:57:10 [main] INFO  org.hibernate.Version - HHH000412: Hibernate ORM core version 6.4.4.Final
2026-04-19 01:57:10 [main] INFO  o.h.c.i.RegionFactoryInitiator - HHH000026: Second-level cache disabled
2026-04-19 01:57:11 [main] INFO  o.s.o.j.p.SpringPersistenceUnitInfo - No LoadTimeWeaver setup: ignoring JPA class transformer
2026-04-19 01:57:12 [main] WARN  org.hibernate.orm.deprecation - HHH90000025: PostgreSQLDialect does not need to be specified explicitly using 'hibernate.dialect' (remove the property setting and it will be selected by default)
2026-04-19 01:57:15 [main] INFO  o.h.e.t.j.p.i.JtaPlatformInitiator - HHH000489: No JTA platform available (set 'hibernate.transaction.jta.platform' to enable JTA platform integration)
2026-04-19 01:57:15 [main] INFO  o.s.o.j.LocalContainerEntityManagerFactoryBean - Initialized JPA EntityManagerFactory for persistence unit 'default'
2026-04-19 01:57:16 [main] DEBUG c.m.s.filter.JwtAuthenticationFilter - Filter 'jwtAuthenticationFilter' configured for use
2026-04-19 01:57:16 [main] DEBUG c.mnco.config.RequestLoggingFilter - Filter 'requestLoggingFilter' configured for use
2026-04-19 01:57:17 [main] INFO  o.s.d.j.r.query.QueryEnhancerFactory - Hibernate is in classpath; If applicable, HQL parser will be used.
2026-04-19 01:57:19 [main] WARN  o.s.b.a.o.j.JpaBaseConfiguration$JpaWebConfiguration - spring.jpa.open-in-view is enabled by default. Therefore, database queries may be performed during view rendering. Explicitly configure spring.jpa.open-in-view to disable this warning
2026-04-19 01:57:20 [main] INFO  o.s.b.a.e.web.EndpointLinksResolver - Exposing 3 endpoint(s) beneath base path '/actuator'
2026-04-19 01:57:22 [main] INFO  o.s.b.w.e.tomcat.TomcatWebServer - Tomcat started on port 8080 (http) with context path ''
2026-04-19 01:57:23 [main] INFO  com.mnco.MncoApplication - Started MncoApplication in 46.57 seconds (process running for 48.613)
2026-04-19 01:57:23 [scheduling-1] DEBUG c.mnco.config.LabIdleStopScheduler - Idle lab check: no labs exceeded 120min idle threshold
2026-04-19 01:58:06 [http-nio-8080-exec-1] INFO  o.a.c.c.C.[Tomcat].[localhost].[/] - Initializing Spring DispatcherServlet 'dispatcherServlet'
2026-04-19 01:58:06 [http-nio-8080-exec-1] INFO  o.s.web.servlet.DispatcherServlet - Initializing Servlet 'dispatcherServlet'
2026-04-19 01:58:06 [http-nio-8080-exec-1] INFO  o.s.web.servlet.DispatcherServlet - Completed initialization in 5 ms
2026-04-19 01:58:07 [http-nio-8080-exec-1] DEBUG c.m.s.filter.JwtAuthenticationFilter - Authenticated user 'testuser123' for request: /api/v1/labs
2026-04-19 01:58:07 [http-nio-8080-exec-1] DEBUG com.mnco.config.LoggingAspect - → USE CASE: LabService.getLabsByOwner(..)
2026-04-19 01:58:07 [http-nio-8080-exec-1] DEBUG com.mnco.config.LoggingAspect - ← USE CASE: LabService.getLabsByOwner(..) completed in 28ms
2026-04-19 01:58:07 [http-nio-8080-exec-1] INFO  c.mnco.config.RequestLoggingFilter - {"timestamp":"2026-04-19T00:58:07.258329700Z","level":"INFO","traceId":"5a67ba6e30c64987","httpMethod":"GET","requestUri":"/api/v1/labs","userId":"testuser123","httpStatus":200,"durationMs":847}
2026-04-19 01:58:18 [http-nio-8080-exec-3] DEBUG c.m.s.filter.JwtAuthenticationFilter - Authenticated user 'testuser123' for request: /api/v1/labs
2026-04-19 01:58:18 [http-nio-8080-exec-3] DEBUG com.mnco.config.LoggingAspect - → USE CASE: LabService.getLabsByOwner(..)
2026-04-19 01:58:18 [http-nio-8080-exec-3] DEBUG com.mnco.config.LoggingAspect - ← USE CASE: LabService.getLabsByOwner(..) completed in 95ms
2026-04-19 01:58:18 [http-nio-8080-exec-3] INFO  c.mnco.config.RequestLoggingFilter - {"timestamp":"2026-04-19T00:58:18.282186200Z","level":"INFO","traceId":"6b3894129f95423a","httpMethod":"GET","requestUri":"/api/v1/labs","userId":"testuser123","httpStatus":200,"durationMs":268}
2026-04-19 02:02:15 [SpringApplicationShutdownHook] INFO  o.s.o.j.LocalContainerEntityManagerFactoryBean - Closing JPA EntityManagerFactory for persistence unit 'default'
2026-04-19 02:02:15 [SpringApplicationShutdownHook] INFO  com.zaxxer.hikari.HikariDataSource - MncoHikariPool - Shutdown initiated...
2026-04-19 02:02:15 [SpringApplicationShutdownHook] INFO  com.zaxxer.hikari.HikariDataSource - MncoHikariPool - Shutdown completed.
2026-04-19 02:03:01 [main] INFO  com.mnco.MncoApplication - Starting MncoApplication using Java 23.0.2 with PID 7972 (C:\Users\ELANIBRI\Documents\LabOrchestrator\LabOrchestrator\mnco-backend\target\classes started by ELANIBRI in C:\Users\ELANIBRI\Documents\LabOrchestrator\LabOrchestrator\mnco-backend)
2026-04-19 02:03:01 [main] DEBUG com.mnco.MncoApplication - Running with Spring Boot v3.2.5, Spring v6.1.6
2026-04-19 02:03:01 [main] INFO  com.mnco.MncoApplication - The following 1 profile is active: "MncoApplication"
2026-04-19 02:03:06 [main] INFO  o.s.d.r.c.RepositoryConfigurationDelegate - Bootstrapping Spring Data JPA repositories in DEFAULT mode.
2026-04-19 02:03:07 [main] INFO  o.s.d.r.c.RepositoryConfigurationDelegate - Finished Spring Data repository scanning in 805 ms. Found 6 JPA repository interfaces.
2026-04-19 02:03:10 [main] INFO  o.s.b.w.e.tomcat.TomcatWebServer - Tomcat initialized with port 8080 (http)
2026-04-19 02:03:10 [main] INFO  o.a.catalina.core.StandardService - Starting service [Tomcat]
2026-04-19 02:03:10 [main] INFO  o.a.catalina.core.StandardEngine - Starting Servlet engine: [Apache Tomcat/10.1.20]
2026-04-19 02:03:10 [main] INFO  o.a.c.c.C.[Tomcat].[localhost].[/] - Initializing Spring embedded WebApplicationContext
2026-04-19 02:03:10 [main] INFO  o.s.b.w.s.c.ServletWebServerApplicationContext - Root WebApplicationContext: initialization completed in 8622 ms
2026-04-19 02:03:11 [main] INFO  c.mnco.security.service.JwtService - JWT service initialized with expiration=86400000ms
2026-04-19 02:03:12 [main] INFO  com.zaxxer.hikari.HikariDataSource - MncoHikariPool - Starting...
2026-04-19 02:03:12 [main] INFO  com.zaxxer.hikari.pool.HikariPool - MncoHikariPool - Added connection org.postgresql.jdbc.PgConnection@105ffc58
2026-04-19 02:03:12 [main] INFO  com.zaxxer.hikari.HikariDataSource - MncoHikariPool - Start completed.
2026-04-19 02:03:12 [main] INFO  org.flywaydb.core.FlywayExecutor - Database: jdbc:postgresql://localhost:5432/mnco_db (PostgreSQL 15.17)
2026-04-19 02:03:12 [main] INFO  o.f.core.internal.command.DbValidate - Successfully validated 4 migrations (execution time 00:00.137s)
2026-04-19 02:03:12 [main] INFO  o.f.core.internal.command.DbMigrate - Current version of schema "public": 4
2026-04-19 02:03:12 [main] INFO  o.f.core.internal.command.DbMigrate - Schema "public" is up to date. No migration necessary.
2026-04-19 02:03:13 [main] INFO  o.h.jpa.internal.util.LogHelper - HHH000204: Processing PersistenceUnitInfo [name: default]
2026-04-19 02:03:13 [main] INFO  org.hibernate.Version - HHH000412: Hibernate ORM core version 6.4.4.Final
2026-04-19 02:03:13 [main] INFO  o.h.c.i.RegionFactoryInitiator - HHH000026: Second-level cache disabled
2026-04-19 02:03:14 [main] INFO  o.s.o.j.p.SpringPersistenceUnitInfo - No LoadTimeWeaver setup: ignoring JPA class transformer
2026-04-19 02:03:14 [main] WARN  org.hibernate.orm.deprecation - HHH90000025: PostgreSQLDialect does not need to be specified explicitly using 'hibernate.dialect' (remove the property setting and it will be selected by default)
2026-04-19 02:03:21 [main] INFO  o.h.e.t.j.p.i.JtaPlatformInitiator - HHH000489: No JTA platform available (set 'hibernate.transaction.jta.platform' to enable JTA platform integration)
2026-04-19 02:03:21 [main] INFO  o.s.o.j.LocalContainerEntityManagerFactoryBean - Initialized JPA EntityManagerFactory for persistence unit 'default'
2026-04-19 02:03:22 [main] DEBUG c.m.s.filter.JwtAuthenticationFilter - Filter 'jwtAuthenticationFilter' configured for use
2026-04-19 02:03:22 [main] DEBUG c.mnco.config.RequestLoggingFilter - Filter 'requestLoggingFilter' configured for use
2026-04-19 02:03:22 [main] INFO  o.s.d.j.r.query.QueryEnhancerFactory - Hibernate is in classpath; If applicable, HQL parser will be used.
2026-04-19 02:03:32 [main] WARN  o.s.b.a.o.j.JpaBaseConfiguration$JpaWebConfiguration - spring.jpa.open-in-view is enabled by default. Therefore, database queries may be performed during view rendering. Explicitly configure spring.jpa.open-in-view to disable this warning
2026-04-19 02:03:34 [main] INFO  o.s.b.a.e.web.EndpointLinksResolver - Exposing 3 endpoint(s) beneath base path '/actuator'
2026-04-19 02:03:37 [main] INFO  o.s.b.w.e.tomcat.TomcatWebServer - Tomcat started on port 8080 (http) with context path ''
2026-04-19 02:03:37 [main] INFO  com.mnco.MncoApplication - Started MncoApplication in 37.949 seconds (process running for 39.732)
2026-04-19 02:03:38 [scheduling-1] DEBUG c.mnco.config.LabIdleStopScheduler - Idle lab check: no labs exceeded 120min idle threshold
2026-04-19 02:03:57 [http-nio-8080-exec-1] INFO  o.a.c.c.C.[Tomcat].[localhost].[/] - Initializing Spring DispatcherServlet 'dispatcherServlet'
2026-04-19 02:03:57 [http-nio-8080-exec-1] INFO  o.s.web.servlet.DispatcherServlet - Initializing Servlet 'dispatcherServlet'
2026-04-19 02:03:57 [http-nio-8080-exec-1] INFO  o.s.web.servlet.DispatcherServlet - Completed initialization in 21 ms
2026-04-19 02:03:58 [http-nio-8080-exec-1] DEBUG c.m.s.filter.JwtAuthenticationFilter - Authenticated user 'testuser123' for request: /api/v1/labs
2026-04-19 02:03:58 [http-nio-8080-exec-1] DEBUG com.mnco.config.LoggingAspect - → USE CASE: LabService.getLabsByOwner(..)
2026-04-19 02:03:59 [http-nio-8080-exec-1] DEBUG com.mnco.config.LoggingAspect - ← USE CASE: LabService.getLabsByOwner(..) completed in 82ms
2026-04-19 02:03:59 [http-nio-8080-exec-1] INFO  c.mnco.config.RequestLoggingFilter - {"timestamp":"2026-04-19T01:03:59.263316700Z","level":"INFO","traceId":"99603f78d1b44c6d","httpMethod":"GET","requestUri":"/api/v1/labs","userId":"testuser123","httpStatus":200,"durationMs":1203}
2026-04-19 02:04:23 [http-nio-8080-exec-3] DEBUG c.m.s.filter.JwtAuthenticationFilter - Authenticated user 'testuser123' for request: /api/v1/templates
2026-04-19 02:04:23 [http-nio-8080-exec-3] DEBUG com.mnco.config.LoggingAspect - → USE CASE: LabTemplateService.getPublicTemplates()
2026-04-19 02:04:23 [http-nio-8080-exec-3] DEBUG com.mnco.config.LoggingAspect - ← USE CASE: LabTemplateService.getPublicTemplates() completed in 35ms
2026-04-19 02:04:23 [http-nio-8080-exec-3] INFO  c.mnco.config.RequestLoggingFilter - {"timestamp":"2026-04-19T01:04:23.962182200Z","level":"INFO","traceId":"4f493df0699a474b","httpMethod":"GET","requestUri":"/api/v1/templates","userId":"testuser123","httpStatus":200,"durationMs":142}
2026-04-19 02:04:41 [SpringApplicationShutdownHook] INFO  o.s.o.j.LocalContainerEntityManagerFactoryBean - Closing JPA EntityManagerFactory for persistence unit 'default'
2026-04-19 02:04:41 [SpringApplicationShutdownHook] INFO  com.zaxxer.hikari.HikariDataSource - MncoHikariPool - Shutdown initiated...
2026-04-19 02:04:41 [SpringApplicationShutdownHook] INFO  com.zaxxer.hikari.HikariDataSource - MncoHikariPool - Shutdown completed.
